Workbook

Sheet Read me
A1: Gas-mixture study: mixtures for an Ar-rich (>= 90 %) TPC at up to 10 bar
A3: Purpose | B3: Magboltz transport and Townsend properties for every candidate mixture at 1-10 bar, to choose the 4-6 mixtures for the single-GEM simulations. Plan: PLAN.md.
A4: Constraints | B4: Ar >= 90 % by volume; only nuclei lighter than Ar; drift (diffusion, velocity, attachment, electron lifetime) acceptable for a long-drift TPC; gain reachable with GEMs at 10 bar.
A5: Mixtures | B5: One row per mixture. Volume fractions in %, Ar = 100 - the rest. Priority sets the pressures run (Run grid). Grey columns are formulas.
A6: Components | B6: Properties used by the formulas (molar mass, ionisation energy, LEL), with sources.
A7: Criteria | B7: Detector requirements (drift length, drift field, gain) and the per-foil gain targets derived from them.
A8: Run grid | B8: Pressures, field grids, Penning r grid and the compute budget. Blue cells are inputs.
A9: Impurities | B9: Electron-lifetime runs: O2 / H2O admixtures to selected base mixtures (drift fields only).
A10: Outputs | B10: What is extracted per mixture and pressure, and the figure of merit it feeds.
A11: Validation | B11: Measured data to check Magboltz + Garfield against before trusting the sweep.
A12: Legend | B12: Blue text: input, edit freely. Black: formula. Yellow fill: key assumption to revisit. Priority fill: green A (first, all pressures), yellow B (1, 4, 10 bar), grey C (1, 10 bar).
A13: Regenerate | B13: python studies/gas_mixture_study/build_mixtures.py (also writes mixtures.csv for the driver).

Sheet Mixtures
A1: ID | B1: Family | C1: Priority | D1: Mixture (vol %) | E1: Comp 2 | F1: x2 (%) | G1: Comp 3 | H1: x3 (%) | I1: Comp 4 | J1: x4 (%) | K1: Ar (vol %) | L1: Mean molar mass (g/mol) | M1: Ar mass fraction | N1: Lowest IP (eV) | O1: Ar levels eligible for Penning | P1: Flammable content (vol %) | Q1: Non-Ar nuclei | R1: Penning r in Garfield | S1: Pressures run | T1: CPU h (tables) | U1: Rationale | V1: Risks / remarks | W1: Validation data
A2: R01 | B2: Reference | C2: C | D2: Ar 100 | K2: =100-F2-H2-J2 | L2: =(K2*INDEX(Components!$D$2:$D$17,MATCH("ar",Components!$A$2:$A$17,0))+IF(E2="",0,F2*INDEX(Components!$D$2:$D$17,MATCH(E2,Components!$A$2:$A$17,0)))+IF(G2="",0,H2*INDEX(Components!$D$2:$D$17,MATCH(G2,Components!$A$2:$A$17,0)))+IF(I2="",0,J2*INDEX(Components!$D$2:$D$17,MATCH(I2,Components!$A$2:$A$17,0))))/100 | M2: =K2*INDEX(Components!$D$2:$D$17,MATCH("ar",Components!$A$2:$A$17,0))/(K2*INDEX(Components!$D$2:$D$17,MATCH("ar",Components!$A$2:$A$17,0))+IF(E2="",0,F2*INDEX(Components!$D$2:$D$17,MATCH(E2,Components!$A$2:$A$17,0)))+IF(G2="",0,H2*INDEX(Components!$D$2:$D$17,MATCH(G2,Components!$A$2:$A$17,0)))+IF(I2="",0,J2*INDEX(Components!$D$2:$D$17,MATCH(I2,Components!$A$2:$A$17,0)))) | N2: =MIN(15.76,IF(E2="",99,INDEX(Components!$E$2:$E$17,MATCH(E2,Components!$A$2:$A$17,0))),IF(G2="",99,INDEX(Components!$E$2:$E$17,MATCH(G2,Components!$A$2:$A$17,0))),IF(I2="",99,INDEX(Components!$E$2:$E$17,MATCH(I2,Components!$A$2:$A$17,0)))) | O2: =IF(N2<11.55,"4s, 4p and higher",IF(N2<12.91,"4p and higher",IF(N2<13.85,"3d/5s and higher",IF(N2<15.76,"high Rydberg only","none")))) | P2: =IF(E2="",0,IF(INDEX(Components!$F$2:$F$17,MATCH(E2,Components!$A$2:$A$17,0))>0,F2,0))+IF(G2="",0,IF(INDEX(Components!$F$2:$F$17,MATCH(G2,Components!$A$2:$A$17,0))>0,H2,0))+IF(I2="",0,IF(INDEX(Components!$F$2:$F$17,MATCH(I2,Components!$A$2:$A$17,0))>0,J2,0)) | Q2: - | R2: n/a | S2: =IF(C2="A",'Run grid'!$B$4,IF(C2="B",'Run grid'!$B$6,'Run grid'!$B$8)) | T2: =S2*'Run grid'!$B$22 | U2: Pure Ar: baseline for every alpha and drift comparison | V2: Not operable (no quencher) | W2: Magboltz validation data
A3: R02 | B3: Reference | C3: C | D3: Ar:Ne 90:10 | E3: ne | F3: 10 | K3: =100-F3-H3-J3 | L3: =(K3*INDEX(Components!$D$2:$D$17,MATCH("ar",Components!$A$2:$A$17,0))+IF(E3="",0,F3*INDEX(Components!$D$2:$D$17,MATCH(E3,Components!$A$2:$A$17,0)))+IF(G3="",0,H3*INDEX(Components!$D$2:$D$17,MATCH(G3,Components!$A$2:$A$17,0)))+IF(I3="",0,J3*INDEX(Components!$D$2:$D$17,MATCH(I3,Components!$A$2:$A$17,0))))/100 | M3: =K3*INDEX(Components!$D$2:$D$17,MATCH("ar",Components!$A$2:$A$17,0))/(K3*INDEX(Components!$D$2:$D$17,MATCH("ar",Components!$A$2:$A$17,0))+IF(E3="",0,F3*INDEX(Components!$D$2:$D$17,MATCH(E3,Components!$A$2:$A$17,0)))+IF(G3="",0,H3*INDEX(Components!$D$2:$D$17,MATCH(G3,Components!$A$2:$A$17,0)))+IF(I3="",0,J3*INDEX(Components!$D$2:$D$17,MATCH(I3,Components!$A$2:$A$17,0)))) | N3: =MIN(15.76,IF(E3="",99,INDEX(Components!$E$2:$E$17,MATCH(E3,Components!$A$2:$A$17,0))),IF(G3="",99,INDEX(Components!$E$2:$E$17,MATCH(G3,Components!$A$2:$A$17,0))),IF(I3="",99,INDEX(Components!$E$2:$E$17,MATCH(I3,Components!$A$2:$A$17,0)))) | O3: =IF(N3<11.55,"4s, 4p and higher",IF(N3<12.91,"4p and higher",IF(N3<13.85,"3d/5s and higher",IF(N3<15.76,"high Rydberg only","none")))) | P3: =IF(E3="",0,IF(INDEX(Components!$F$2:$F$17,MATCH(E3,Components!$A$2:$A$17,0))>0,F3,0))+IF(G3="",0,IF(INDEX(Components!$F$2:$F$17,MATCH(G3,Components!$A$2:$A$17,0))>0,H3,0))+IF(I3="",0,IF(INDEX(Components!$F$2:$F$17,MATCH(I3,Components!$A$2:$A$17,0))>0,J3,0)) | Q3: Ne | R3: none: bracket r | S3: =IF(C3="A",'Run grid'!$B$4,IF(C3="B",'Run grid'!$B$6,'Run grid'!$B$8)) | T3: =S3*'Run grid'!$B$22 | U3: Ne effect on alpha with no quencher | V3: Not operable
A4: R03 | B4: Reference | C4: C | D4: Ar:He 90:10 | E4: he | F4: 10 | K4: =100-F4-H4-J4 | L4: =(K4*INDEX(Components!$D$2:$D$17,MATCH("ar",Components!$A$2:$A$17,0))+IF(E4="",0,F4*INDEX(Components!$D$2:$D$17,MATCH(E4,Components!$A$2:$A$17,0)))+IF(G4="",0,H4*INDEX(Components!$D$2:$D$17,MATCH(G4,Components!$A$2:$A$17,0)))+IF(I4="",0,J4*INDEX(Components!$D$2:$D$17,MATCH(I4,Components!$A$2:$A$17,0))))/100 | M4: =K4*INDEX(Components!$D$2:$D$17,MATCH("ar",Components!$A$2:$A$17,0))/(K4*INDEX(Components!$D$2:$D$17,MATCH("ar",Components!$A$2:$A$17,0))+IF(E4="",0,F4*INDEX(Components!$D$2:$D$17,MATCH(E4,Components!$A$2:$A$17,0)))+IF(G4="",0,H4*INDEX(Components!$D$2:$D$17,MATCH(G4,Components!$A$2:$A$17,0)))+IF(I4="",0,J4*INDEX(Components!$D$2:$D$17,MATCH(I4,Components!$A$2:$A$17,0)))) | N4: =MIN(15.76,IF(E4="",99,INDEX(Components!$E$2:$E$17,MATCH(E4,Components!$A$2:$A$17,0))),IF(G4="",99,INDEX(Components!$E$2:$E$17,MATCH(G4,Components!$A$2:$A$17,0))),IF(I4="",99,INDEX(Components!$E$2:$E$17,MATCH(I4,Components!$A$2:$A$17,0)))) | O4: =IF(N4<11.55,"4s, 4p and higher",IF(N4<12.91,"4p and higher",IF(N4<13.85,"3d/5s and higher",IF(N4<15.76,"high Rydberg only","none")))) | P4: =IF(E4="",0,IF(INDEX(Components!$F$2:$F$17,MATCH(E4,Components!$A$2:$A$17,0))>0,F4,0))+IF(G4="",0,IF(INDEX(Components!$F$2:$F$17,MATCH(G4,Components!$A$2:$A$17,0))>0,H4,0))+IF(I4="",0,IF(INDEX(Components!$F$2:$F$17,MATCH(I4,Components!$A$2:$A$17,0))>0,J4,0)) | Q4: He | R4: none: bracket r | S4: =IF(C4="A",'Run grid'!$B$4,IF(C4="B",'Run grid'!$B$6,'Run grid'!$B$8)) | T4: =S4*'Run grid'!$B$22 | U4: He effect on alpha with no quencher | V4: Not operable
A5: B01 | B5: Ar:CH4 | C5: A | D5: Ar:CH4 98:2 | E5: ch4 | F5: 2 | K5: =100-F5-H5-J5 | L5: =(K5*INDEX(Components!$D$2:$D$17,MATCH("ar",Components!$A$2:$A$17,0))+IF(E5="",0,F5*INDEX(Components!$D$2:$D$17,MATCH(E5,Components!$A$2:$A$17,0)))+IF(G5="",0,H5*INDEX(Components!$D$2:$D$17,MATCH(G5,Components!$A$2:$A$17,0)))+IF(I5="",0,J5*INDEX(Components!$D$2:$D$17,MATCH(I5,Components!$A$2:$A$17,0))))/100 | M5: =K5*INDEX(Components!$D$2:$D$17,MATCH("ar",Components!$A$2:$A$17,0))/(K5*INDEX(Components!$D$2:$D$17,MATCH("ar",Components!$A$2:$A$17,0))+IF(E5="",0,F5*INDEX(Components!$D$2:$D$17,MATCH(E5,Components!$A$2:$A$17,0)))+IF(G5="",0,H5*INDEX(Components!$D$2:$D$17,MATCH(G5,Components!$A$2:$A$17,0)))+IF(I5="",0,J5*INDEX(Components!$D$2:$D$17,MATCH(I5,Components!$A$2:$A$17,0)))) | N5: =MIN(15.76,IF(E5="",99,INDEX(Components!$E$2:$E$17,MATCH(E5,Components!$A$2:$A$17,0))),IF(G5="",99,INDEX(Components!$E$2:$E$17,MATCH(G5,Components!$A$2:$A$17,0))),IF(I5="",99,INDEX(Components!$E$2:$E$17,MATCH(I5,Components!$A$2:$A$17,0)))) | O5: =IF(N5<11.55,"4s, 4p and higher",IF(N5<12.91,"4p and higher",IF(N5<13.85,"3d/5s and higher",IF(N5<15.76,"high Rydberg only","none")))) | P5: =IF(E5="",0,IF(INDEX(Components!$F$2:$F$17,MATCH(E5,Components!$A$2:$A$17,0))>0,F5,0))+IF(G5="",0,IF(INDEX(Components!$F$2:$F$17,MATCH(G5,Components!$A$2:$A$17,0))>0,H5,0))+IF(I5="",0,IF(INDEX(Components!$F$2:$F$17,MATCH(I5,Components!$A$2:$A$17,0))>0,J5,0)) | Q5: H, C | R5: auto: p- and c-dependent (Sahin 2010) | S5: =IF(C5="A",'Run grid'!$B$4,IF(C5="B",'Run grid'!$B$6,'Run grid'!$B$8)) | T5: =S5*'Run grid'!$B$22 | U5: Lowest-quencher candidate; SimGEM's original 8 bar mixture | V5: Photon feedback at high gain | W5: Ye et al. 98:2 counter, 1-28 atm
A6: B02 | B6: Ar:CH4 | C6: B | D6: Ar:CH4 97:3 | E6: ch4 | F6: 3 | K6: =100-F6-H6-J6 | L6: =(K6*INDEX(Components!$D$2:$D$17,MATCH("ar",Components!$A$2:$A$17,0))+IF(E6="",0,F6*INDEX(Components!$D$2:$D$17,MATCH(E6,Components!$A$2:$A$17,0)))+IF(G6="",0,H6*INDEX(Components!$D$2:$D$17,MATCH(G6,Components!$A$2:$A$17,0)))+IF(I6="",0,J6*INDEX(Components!$D$2:$D$17,MATCH(I6,Components!$A$2:$A$17,0))))/100 | M6: =K6*INDEX(Components!$D$2:$D$17,MATCH("ar",Components!$A$2:$A$17,0))/(K6*INDEX(Components!$D$2:$D$17,MATCH("ar",Components!$A$2:$A$17,0))+IF(E6="",0,F6*INDEX(Components!$D$2:$D$17,MATCH(E6,Components!$A$2:$A$17,0)))+IF(G6="",0,H6*INDEX(Components!$D$2:$D$17,MATCH(G6,Components!$A$2:$A$17,0)))+IF(I6="",0,J6*INDEX(Components!$D$2:$D$17,MATCH(I6,Components!$A$2:$A$17,0)))) | N6: =MIN(15.76,IF(E6="",99,INDEX(Components!$E$2:$E$17,MATCH(E6,Components!$A$2:$A$17,0))),IF(G6="",99,INDEX(Components!$E$2:$E$17,MATCH(G6,Components!$A$2:$A$17,0))),IF(I6="",99,INDEX(Components!$E$2:$E$17,MATCH(I6,Components!$A$2:$A$17,0)))) | O6: =IF(N6<11.55,"4s, 4p and higher",IF(N6<12.91,"4p and higher",IF(N6<13.85,"3d/5s and higher",IF(N6<15.76,"high Rydberg only","none")))) | P6: =IF(E6="",0,IF(INDEX(Components!$F$2:$F$17,MATCH(E6,Components!$A$2:$A$17,0))>0,F6,0))+IF(G6="",0,IF(INDEX(Components!$F$2:$F$17,MATCH(G6,Components!$A$2:$A$17,0))>0,H6,0))+IF(I6="",0,IF(INDEX(Components!$F$2:$F$17,MATCH(I6,Components!$A$2:$A$17,0))>0,J6,0)) | Q6: H, C | R6: auto: p- and c-dependent (Sahin 2010) | S6: =IF(C6="A",'Run grid'!$B$4,IF(C6="B",'Run grid'!$B$6,'Run grid'!$B$8)) | T6: =S6*'Run grid'!$B$22 | U6: Fills the CH4 fraction scan
A7: B03 | B7: Ar:CH4 | C7: A | D7: Ar:CH4 95:5 | E7: ch4 | F7: 5 | K7: =100-F7-H7-J7 | L7: =(K7*INDEX(Components!$D$2:$D$17,MATCH("ar",Components!$A$2:$A$17,0))+IF(E7="",0,F7*INDEX(Components!$D$2:$D$17,MATCH(E7,Components!$A$2:$A$17,0)))+IF(G7="",0,H7*INDEX(Components!$D$2:$D$17,MATCH(G7,Components!$A$2:$A$17,0)))+IF(I7="",0,J7*INDEX(Components!$D$2:$D$17,MATCH(I7,Components!$A$2:$A$17,0))))/100 | M7: =K7*INDEX(Components!$D$2:$D$17,MATCH("ar",Components!$A$2:$A$17,0))/(K7*INDEX(Components!$D$2:$D$17,MATCH("ar",Components!$A$2:$A$17,0))+IF(E7="",0,F7*INDEX(Components!$D$2:$D$17,MATCH(E7,Components!$A$2:$A$17,0)))+IF(G7="",0,H7*INDEX(Components!$D$2:$D$17,MATCH(G7,Components!$A$2:$A$17,0)))+IF(I7="",0,J7*INDEX(Components!$D$2:$D$17,MATCH(I7,Components!$A$2:$A$17,0)))) | N7: =MIN(15.76,IF(E7="",99,INDEX(Components!$E$2:$E$17,MATCH(E7,Components!$A$2:$A$17,0))),IF(G7="",99,INDEX(Components!$E$2:$E$17,MATCH(G7,Components!$A$2:$A$17,0))),IF(I7="",99,INDEX(Components!$E$2:$E$17,MATCH(I7,Components!$A$2:$A$17,0)))) | O7: =IF(N7<11.55,"4s, 4p and higher",IF(N7<12.91,"4p and higher",IF(N7<13.85,"3d/5s and higher",IF(N7<15.76,"high Rydberg only","none")))) | P7: =IF(E7="",0,IF(INDEX(Components!$F$2:$F$17,MATCH(E7,Components!$A$2:$A$17,0))>0,F7,0))+IF(G7="",0,IF(INDEX(Components!$F$2:$F$17,MATCH(G7,Components!$A$2:$A$17,0))>0,H7,0))+IF(I7="",0,IF(INDEX(Components!$F$2:$F$17,MATCH(I7,Components!$A$2:$A$17,0))>0,J7,0)) | Q7: H, C | R7: auto: p- and c-dependent (Sahin 2010) | S7: =IF(C7="A",'Run grid'!$B$4,IF(C7="B",'Run grid'!$B$6,'Run grid'!$B$8)) | T7: =S7*'Run grid'!$B$22 | U7: Middle of the CH4 scan; reference for the Ne/He and donor ternaries
A8: B04 | B8: Ar:CH4 | C8: B | D8: Ar:CH4 93:7 | E8: ch4 | F8: 7 | K8: =100-F8-H8-J8 | L8: =(K8*INDEX(Components!$D$2:$D$17,MATCH("ar",Components!$A$2:$A$17,0))+IF(E8="",0,F8*INDEX(Components!$D$2:$D$17,MATCH(E8,Components!$A$2:$A$17,0)))+IF(G8="",0,H8*INDEX(Components!$D$2:$D$17,MATCH(G8,Components!$A$2:$A$17,0)))+IF(I8="",0,J8*INDEX(Components!$D$2:$D$17,MATCH(I8,Components!$A$2:$A$17,0))))/100 | M8: =K8*INDEX(Components!$D$2:$D$17,MATCH("ar",Components!$A$2:$A$17,0))/(K8*INDEX(Components!$D$2:$D$17,MATCH("ar",Components!$A$2:$A$17,0))+IF(E8="",0,F8*INDEX(Components!$D$2:$D$17,MATCH(E8,Components!$A$2:$A$17,0)))+IF(G8="",0,H8*INDEX(Components!$D$2:$D$17,MATCH(G8,Components!$A$2:$A$17,0)))+IF(I8="",0,J8*INDEX(Components!$D$2:$D$17,MATCH(I8,Components!$A$2:$A$17,0)))) | N8: =MIN(15.76,IF(E8="",99,INDEX(Components!$E$2:$E$17,MATCH(E8,Components!$A$2:$A$17,0))),IF(G8="",99,INDEX(Components!$E$2:$E$17,MATCH(G8,Components!$A$2:$A$17,0))),IF(I8="",99,INDEX(Components!$E$2:$E$17,MATCH(I8,Components!$A$2:$A$17,0)))) | O8: =IF(N8<11.55,"4s, 4p and higher",IF(N8<12.91,"4p and higher",IF(N8<13.85,"3d/5s and higher",IF(N8<15.76,"high Rydberg only","none")))) | P8: =IF(E8="",0,IF(INDEX(Components!$F$2:$F$17,MATCH(E8,Components!$A$2:$A$17,0))>0,F8,0))+IF(G8="",0,IF(INDEX(Components!$F$2:$F$17,MATCH(G8,Components!$A$2:$A$17,0))>0,H8,0))+IF(I8="",0,IF(INDEX(Components!$F$2:$F$17,MATCH(I8,Components!$A$2:$A$17,0))>0,J8,0)) | Q8: H, C | R8: auto: p- and c-dependent (Sahin 2010) | S8: =IF(C8="A",'Run grid'!$B$4,IF(C8="B",'Run grid'!$B$6,'Run grid'!$B$8)) | T8: =S8*'Run grid'!$B$22 | U8: Fills the CH4 fraction scan
A9: B05 | B9: Ar:CH4 | C9: A | D9: Ar:CH4 90:10 | E9: ch4 | F9: 10 | K9: =100-F9-H9-J9 | L9: =(K9*INDEX(Components!$D$2:$D$17,MATCH("ar",Components!$A$2:$A$17,0))+IF(E9="",0,F9*INDEX(Components!$D$2:$D$17,MATCH(E9,Components!$A$2:$A$17,0)))+IF(G9="",0,H9*INDEX(Components!$D$2:$D$17,MATCH(G9,Components!$A$2:$A$17,0)))+IF(I9="",0,J9*INDEX(Components!$D$2:$D$17,MATCH(I9,Components!$A$2:$A$17,0))))/100 | M9: =K9*INDEX(Components!$D$2:$D$17,MATCH("ar",Components!$A$2:$A$17,0))/(K9*INDEX(Components!$D$2:$D$17,MATCH("ar",Components!$A$2:$A$17,0))+IF(E9="",0,F9*INDEX(Components!$D$2:$D$17,MATCH(E9,Components!$A$2:$A$17,0)))+IF(G9="",0,H9*INDEX(Components!$D$2:$D$17,MATCH(G9,Components!$A$2:$A$17,0)))+IF(I9="",0,J9*INDEX(Components!$D$2:$D$17,MATCH(I9,Components!$A$2:$A$17,0)))) | N9: =MIN(15.76,IF(E9="",99,INDEX(Components!$E$2:$E$17,MATCH(E9,Components!$A$2:$A$17,0))),IF(G9="",99,INDEX(Components!$E$2:$E$17,MATCH(G9,Components!$A$2:$A$17,0))),IF(I9="",99,INDEX(Components!$E$2:$E$17,MATCH(I9,Components!$A$2:$A$17,0)))) | O9: =IF(N9<11.55,"4s, 4p and higher",IF(N9<12.91,"4p and higher",IF(N9<13.85,"3d/5s and higher",IF(N9<15.76,"high Rydberg only","none")))) | P9: =IF(E9="",0,IF(INDEX(Components!$F$2:$F$17,MATCH(E9,Components!$A$2:$A$17,0))>0,F9,0))+IF(G9="",0,IF(INDEX(Components!$F$2:$F$17,MATCH(G9,Components!$A$2:$A$17,0))>0,H9,0))+IF(I9="",0,IF(INDEX(Components!$F$2:$F$17,MATCH(I9,Components!$A$2:$A$17,0))>0,J9,0)) | Q9: H, C | R9: auto: p- and c-dependent (Sahin 2010) | S9: =IF(C9="A",'Run grid'!$B$4,IF(C9="B",'Run grid'!$B$6,'Run grid'!$B$8)) | T9: =S9*'Run grid'!$B$22 | U9: ND-GAr baseline (P10) | W9: Ye et al. 90:10 counter, 1-21 atm; P10 drift data
A10: B06 | B10: Ar:CO2 | C10: B | D10: Ar:CO2 98:2 | E10: co2 | F10: 2 | K10: =100-F10-H10-J10 | L10: =(K10*INDEX(Components!$D$2:$D$17,MATCH("ar",Components!$A$2:$A$17,0))+IF(E10="",0,F10*INDEX(Components!$D$2:$D$17,MATCH(E10,Components!$A$2:$A$17,0)))+IF(G10="",0,H10*INDEX(Components!$D$2:$D$17,MATCH(G10,Components!$A$2:$A$17,0)))+IF(I10="",0,J10*INDEX(Components!$D$2:$D$17,MATCH(I10,Components!$A$2:$A$17,0))))/100 | M10: =K10*INDEX(Components!$D$2:$D$17,MATCH("ar",Components!$A$2:$A$17,0))/(K10*INDEX(Components!$D$2:$D$17,MATCH("ar",Components!$A$2:$A$17,0))+IF(E10="",0,F10*INDEX(Components!$D$2:$D$17,MATCH(E10,Components!$A$2:$A$17,0)))+IF(G10="",0,H10*INDEX(Components!$D$2:$D$17,MATCH(G10,Components!$A$2:$A$17,0)))+IF(I10="",0,J10*INDEX(Components!$D$2:$D$17,MATCH(I10,Components!$A$2:$A$17,0)))) | N10: =MIN(15.76,IF(E10="",99,INDEX(Components!$E$2:$E$17,MATCH(E10,Components!$A$2:$A$17,0))),IF(G10="",99,INDEX(Components!$E$2:$E$17,MATCH(G10,Components!$A$2:$A$17,0))),IF(I10="",99,INDEX(Components!$E$2:$E$17,MATCH(I10,Components!$A$2:$A$17,0)))) | O10: =IF(N10<11.55,"4s, 4p and higher",IF(N10<12.91,"4p and higher",IF(N10<13.85,"3d/5s and higher",IF(N10<15.76,"high Rydberg only","none")))) | P10: =IF(E10="",0,IF(INDEX(Components!$F$2:$F$17,MATCH(E10,Components!$A$2:$A$17,0))>0,F10,0))+IF(G10="",0,IF(INDEX(Components!$F$2:$F$17,MATCH(G10,Components!$A$2:$A$17,0))>0,H10,0))+IF(I10="",0,IF(INDEX(Components!$F$2:$F$17,MATCH(I10,Components!$A$2:$A$17,0))>0,J10,0)) | Q10: C, O | R10: auto: 1 atm: Sahin 2014; other p: JINST 12 C01035 | S10: =IF(C10="A",'Run grid'!$B$4,IF(C10="B",'Run grid'!$B$6,'Run grid'!$B$8)) | T10: =S10*'Run grid'!$B$22 | U10: Low-diffusion family, lowest fraction | V10: Photon feedback
A11: B07 | B11: Ar:CO2 | C11: C | D11: Ar:CO2 97:3 | E11: co2 | F11: 3 | K11: =100-F11-H11-J11 | L11: =(K11*INDEX(Components!$D$2:$D$17,MATCH("ar",Components!$A$2:$A$17,0))+IF(E11="",0,F11*INDEX(Components!$D$2:$D$17,MATCH(E11,Components!$A$2:$A$17,0)))+IF(G11="",0,H11*INDEX(Components!$D$2:$D$17,MATCH(G11,Components!$A$2:$A$17,0)))+IF(I11="",0,J11*INDEX(Components!$D$2:$D$17,MATCH(I11,Components!$A$2:$A$17,0))))/100 | M11: =K11*INDEX(Components!$D$2:$D$17,MATCH("ar",Components!$A$2:$A$17,0))/(K11*INDEX(Components!$D$2:$D$17,MATCH("ar",Components!$A$2:$A$17,0))+IF(E11="",0,F11*INDEX(Components!$D$2:$D$17,MATCH(E11,Components!$A$2:$A$17,0)))+IF(G11="",0,H11*INDEX(Components!$D$2:$D$17,MATCH(G11,Components!$A$2:$A$17,0)))+IF(I11="",0,J11*INDEX(Components!$D$2:$D$17,MATCH(I11,Components!$A$2:$A$17,0)))) | N11: =MIN(15.76,IF(E11="",99,INDEX(Components!$E$2:$E$17,MATCH(E11,Components!$A$2:$A$17,0))),IF(G11="",99,INDEX(Components!$E$2:$E$17,MATCH(G11,Components!$A$2:$A$17,0))),IF(I11="",99,INDEX(Components!$E$2:$E$17,MATCH(I11,Components!$A$2:$A$17,0)))) | O11: =IF(N11<11.55,"4s, 4p and higher",IF(N11<12.91,"4p and higher",IF(N11<13.85,"3d/5s and higher",IF(N11<15.76,"high Rydberg only","none")))) | P11: =IF(E11="",0,IF(INDEX(Components!$F$2:$F$17,MATCH(E11,Components!$A$2:$A$17,0))>0,F11,0))+IF(G11="",0,IF(INDEX(Components!$F$2:$F$17,MATCH(G11,Components!$A$2:$A$17,0))>0,H11,0))+IF(I11="",0,IF(INDEX(Components!$F$2:$F$17,MATCH(I11,Components!$A$2:$A$17,0))>0,J11,0)) | Q11: C, O | R11: auto: 1 atm: Sahin 2014; other p: JINST 12 C01035 | S11: =IF(C11="A",'Run grid'!$B$4,IF(C11="B",'Run grid'!$B$6,'Run grid'!$B$8)) | T11: =S11*'Run grid'!$B$22 | U11: Fills the CO2 fraction scan
A12: B08 | B12: Ar:CO2 | C12: A | D12: Ar:CO2 95:5 | E12: co2 | F12: 5 | K12: =100-F12-H12-J12 | L12: =(K12*INDEX(Components!$D$2:$D$17,MATCH("ar",Components!$A$2:$A$17,0))+IF(E12="",0,F12*INDEX(Components!$D$2:$D$17,MATCH(E12,Components!$A$2:$A$17,0)))+IF(G12="",0,H12*INDEX(Components!$D$2:$D$17,MATCH(G12,Components!$A$2:$A$17,0)))+IF(I12="",0,J12*INDEX(Components!$D$2:$D$17,MATCH(I12,Components!$A$2:$A$17,0))))/100 | M12: =K12*INDEX(Components!$D$2:$D$17,MATCH("ar",Components!$A$2:$A$17,0))/(K12*INDEX(Components!$D$2:$D$17,MATCH("ar",Components!$A$2:$A$17,0))+IF(E12="",0,F12*INDEX(Components!$D$2:$D$17,MATCH(E12,Components!$A$2:$A$17,0)))+IF(G12="",0,H12*INDEX(Components!$D$2:$D$17,MATCH(G12,Components!$A$2:$A$17,0)))+IF(I12="",0,J12*INDEX(Components!$D$2:$D$17,MATCH(I12,Components!$A$2:$A$17,0)))) | N12: =MIN(15.76,IF(E12="",99,INDEX(Components!$E$2:$E$17,MATCH(E12,Components!$A$2:$A$17,0))),IF(G12="",99,INDEX(Components!$E$2:$E$17,MATCH(G12,Components!$A$2:$A$17,0))),IF(I12="",99,INDEX(Components!$E$2:$E$17,MATCH(I12,Components!$A$2:$A$17,0)))) | O12: =IF(N12<11.55,"4s, 4p and higher",IF(N12<12.91,"4p and higher",IF(N12<13.85,"3d/5s and higher",IF(N12<15.76,"high Rydberg only","none")))) | P12: =IF(E12="",0,IF(INDEX(Components!$F$2:$F$17,MATCH(E12,Components!$A$2:$A$17,0))>0,F12,0))+IF(G12="",0,IF(INDEX(Components!$F$2:$F$17,MATCH(G12,Components!$A$2:$A$17,0))>0,H12,0))+IF(I12="",0,IF(INDEX(Components!$F$2:$F$17,MATCH(I12,Components!$A$2:$A$17,0))>0,J12,0)) | Q12: C, O | R12: auto: 1 atm: Sahin 2014; other p: JINST 12 C01035 | S12: =IF(C12="A",'Run grid'!$B$4,IF(C12="B",'Run grid'!$B$6,'Run grid'!$B$8)) | T12: =S12*'Run grid'!$B$22 | U12: Low-diffusion candidate | V12: O2 three-body attachment
A13: B09 | B13: Ar:CO2 | C13: C | D13: Ar:CO2 93:7 | E13: co2 | F13: 7 | K13: =100-F13-H13-J13 | L13: =(K13*INDEX(Components!$D$2:$D$17,MATCH("ar",Components!$A$2:$A$17,0))+IF(E13="",0,F13*INDEX(Components!$D$2:$D$17,MATCH(E13,Components!$A$2:$A$17,0)))+IF(G13="",0,H13*INDEX(Components!$D$2:$D$17,MATCH(G13,Components!$A$2:$A$17,0)))+IF(I13="",0,J13*INDEX(Components!$D$2:$D$17,MATCH(I13,Components!$A$2:$A$17,0))))/100 | M13: =K13*INDEX(Components!$D$2:$D$17,MATCH("ar",Components!$A$2:$A$17,0))/(K13*INDEX(Components!$D$2:$D$17,MATCH("ar",Components!$A$2:$A$17,0))+IF(E13="",0,F13*INDEX(Components!$D$2:$D$17,MATCH(E13,Components!$A$2:$A$17,0)))+IF(G13="",0,H13*INDEX(Components!$D$2:$D$17,MATCH(G13,Components!$A$2:$A$17,0)))+IF(I13="",0,J13*INDEX(Components!$D$2:$D$17,MATCH(I13,Components!$A$2:$A$17,0)))) | N13: =MIN(15.76,IF(E13="",99,INDEX(Components!$E$2:$E$17,MATCH(E13,Components!$A$2:$A$17,0))),IF(G13="",99,INDEX(Components!$E$2:$E$17,MATCH(G13,Components!$A$2:$A$17,0))),IF(I13="",99,INDEX(Components!$E$2:$E$17,MATCH(I13,Components!$A$2:$A$17,0)))) | O13: =IF(N13<11.55,"4s, 4p and higher",IF(N13<12.91,"4p and higher",IF(N13<13.85,"3d/5s and higher",IF(N13<15.76,"high Rydberg only","none")))) | P13: =IF(E13="",0,IF(INDEX(Components!$F$2:$F$17,MATCH(E13,Components!$A$2:$A$17,0))>0,F13,0))+IF(G13="",0,IF(INDEX(Components!$F$2:$F$17,MATCH(G13,Components!$A$2:$A$17,0))>0,H13,0))+IF(I13="",0,IF(INDEX(Components!$F$2:$F$17,MATCH(I13,Components!$A$2:$A$17,0))>0,J13,0)) | Q13: C, O | R13: auto: 1 atm: Sahin 2014; other p: JINST 12 C01035 | S13: =IF(C13="A",'Run grid'!$B$4,IF(C13="B",'Run grid'!$B$6,'Run grid'!$B$8)) | T13: =S13*'Run grid'!$B$22 | U13: Fills the CO2 fraction scan
A14: B10 | B14: Ar:CO2 | C14: A | D14: Ar:CO2 90:10 | E14: co2 | F14: 10 | K14: =100-F14-H14-J14 | L14: =(K14*INDEX(Components!$D$2:$D$17,MATCH("ar",Components!$A$2:$A$17,0))+IF(E14="",0,F14*INDEX(Components!$D$2:$D$17,MATCH(E14,Components!$A$2:$A$17,0)))+IF(G14="",0,H14*INDEX(Components!$D$2:$D$17,MATCH(G14,Components!$A$2:$A$17,0)))+IF(I14="",0,J14*INDEX(Components!$D$2:$D$17,MATCH(I14,Components!$A$2:$A$17,0))))/100 | M14: =K14*INDEX(Components!$D$2:$D$17,MATCH("ar",Components!$A$2:$A$17,0))/(K14*INDEX(Components!$D$2:$D$17,MATCH("ar",Components!$A$2:$A$17,0))+IF(E14="",0,F14*INDEX(Components!$D$2:$D$17,MATCH(E14,Components!$A$2:$A$17,0)))+IF(G14="",0,H14*INDEX(Components!$D$2:$D$17,MATCH(G14,Components!$A$2:$A$17,0)))+IF(I14="",0,J14*INDEX(Components!$D$2:$D$17,MATCH(I14,Components!$A$2:$A$17,0)))) | N14: =MIN(15.76,IF(E14="",99,INDEX(Components!$E$2:$E$17,MATCH(E14,Components!$A$2:$A$17,0))),IF(G14="",99,INDEX(Components!$E$2:$E$17,MATCH(G14,Components!$A$2:$A$17,0))),IF(I14="",99,INDEX(Components!$E$2:$E$17,MATCH(I14,Components!$A$2:$A$17,0)))) | O14: =IF(N14<11.55,"4s, 4p and higher",IF(N14<12.91,"4p and higher",IF(N14<13.85,"3d/5s and higher",IF(N14<15.76,"high Rydberg only","none")))) | P14: =IF(E14="",0,IF(INDEX(Components!$F$2:$F$17,MATCH(E14,Components!$A$2:$A$17,0))>0,F14,0))+IF(G14="",0,IF(INDEX(Components!$F$2:$F$17,MATCH(G14,Components!$A$2:$A$17,0))>0,H14,0))+IF(I14="",0,IF(INDEX(Components!$F$2:$F$17,MATCH(I14,Components!$A$2:$A$17,0))>0,J14,0)) | Q14: C, O | R14: auto: 1 atm: Sahin 2014; other p: JINST 12 C01035 | S14: =IF(C14="A",'Run grid'!$B$4,IF(C14="B",'Run grid'!$B$6,'Run grid'!$B$8)) | T14: =S14*'Run grid'!$B$22 | U14: Low-diffusion candidate; GORG data at 1 bar | V14: O2 three-body attachment | W14: GORG Ar:CO2 90:10 (15 psi)
A15: B11 | B15: Ar:CF4 | C15: C | D15: Ar:CF4 98:2 | E15: cf4 | F15: 2 | K15: =100-F15-H15-J15 | L15: =(K15*INDEX(Components!$D$2:$D$17,MATCH("ar",Components!$A$2:$A$17,0))+IF(E15="",0,F15*INDEX(Components!$D$2:$D$17,MATCH(E15,Components!$A$2:$A$17,0)))+IF(G15="",0,H15*INDEX(Components!$D$2:$D$17,MATCH(G15,Components!$A$2:$A$17,0)))+IF(I15="",0,J15*INDEX(Components!$D$2:$D$17,MATCH(I15,Components!$A$2:$A$17,0))))/100 | M15: =K15*INDEX(Components!$D$2:$D$17,MATCH("ar",Components!$A$2:$A$17,0))/(K15*INDEX(Components!$D$2:$D$17,MATCH("ar",Components!$A$2:$A$17,0))+IF(E15="",0,F15*INDEX(Components!$D$2:$D$17,MATCH(E15,Components!$A$2:$A$17,0)))+IF(G15="",0,H15*INDEX(Components!$D$2:$D$17,MATCH(G15,Components!$A$2:$A$17,0)))+IF(I15="",0,J15*INDEX(Components!$D$2:$D$17,MATCH(I15,Components!$A$2:$A$17,0)))) | N15: =MIN(15.76,IF(E15="",99,INDEX(Components!$E$2:$E$17,MATCH(E15,Components!$A$2:$A$17,0))),IF(G15="",99,INDEX(Components!$E$2:$E$17,MATCH(G15,Components!$A$2:$A$17,0))),IF(I15="",99,INDEX(Components!$E$2:$E$17,MATCH(I15,Components!$A$2:$A$17,0)))) | O15: =IF(N15<11.55,"4s, 4p and higher",IF(N15<12.91,"4p and higher",IF(N15<13.85,"3d/5s and higher",IF(N15<15.76,"high Rydberg only","none")))) | P15: =IF(E15="",0,IF(INDEX(Components!$F$2:$F$17,MATCH(E15,Components!$A$2:$A$17,0))>0,F15,0))+IF(G15="",0,IF(INDEX(Components!$F$2:$F$17,MATCH(G15,Components!$A$2:$A$17,0))>0,H15,0))+IF(I15="",0,IF(INDEX(Components!$F$2:$F$17,MATCH(I15,Components!$A$2:$A$17,0))>0,J15,0)) | Q15: C, F | R15: none: bracket r | S15: =IF(C15="A",'Run grid'!$B$4,IF(C15="B",'Run grid'!$B$6,'Run grid'!$B$8)) | T15: =S15*'Run grid'!$B$22 | U15: Fast drift, low diffusion | V15: Hole-field attachment
A16: B12 | B16: Ar:CF4 | C16: B | D16: Ar:CF4 95:5 | E16: cf4 | F16: 5 | K16: =100-F16-H16-J16 | L16: =(K16*INDEX(Components!$D$2:$D$17,MATCH("ar",Components!$A$2:$A$17,0))+IF(E16="",0,F16*INDEX(Components!$D$2:$D$17,MATCH(E16,Components!$A$2:$A$17,0)))+IF(G16="",0,H16*INDEX(Components!$D$2:$D$17,MATCH(G16,Components!$A$2:$A$17,0)))+IF(I16="",0,J16*INDEX(Components!$D$2:$D$17,MATCH(I16,Components!$A$2:$A$17,0))))/100 | M16: =K16*INDEX(Components!$D$2:$D$17,MATCH("ar",Components!$A$2:$A$17,0))/(K16*INDEX(Components!$D$2:$D$17,MATCH("ar",Components!$A$2:$A$17,0))+IF(E16="",0,F16*INDEX(Components!$D$2:$D$17,MATCH(E16,Components!$A$2:$A$17,0)))+IF(G16="",0,H16*INDEX(Components!$D$2:$D$17,MATCH(G16,Components!$A$2:$A$17,0)))+IF(I16="",0,J16*INDEX(Components!$D$2:$D$17,MATCH(I16,Components!$A$2:$A$17,0)))) | N16: =MIN(15.76,IF(E16="",99,INDEX(Components!$E$2:$E$17,MATCH(E16,Components!$A$2:$A$17,0))),IF(G16="",99,INDEX(Components!$E$2:$E$17,MATCH(G16,Components!$A$2:$A$17,0))),IF(I16="",99,INDEX(Components!$E$2:$E$17,MATCH(I16,Components!$A$2:$A$17,0)))) | O16: =IF(N16<11.55,"4s, 4p and higher",IF(N16<12.91,"4p and higher",IF(N16<13.85,"3d/5s and higher",IF(N16<15.76,"high Rydberg only","none")))) | P16: =IF(E16="",0,IF(INDEX(Components!$F$2:$F$17,MATCH(E16,Components!$A$2:$A$17,0))>0,F16,0))+IF(G16="",0,IF(INDEX(Components!$F$2:$F$17,MATCH(G16,Components!$A$2:$A$17,0))>0,H16,0))+IF(I16="",0,IF(INDEX(Components!$F$2:$F$17,MATCH(I16,Components!$A$2:$A$17,0))>0,J16,0)) | Q16: C, F | R16: none: bracket r | S16: =IF(C16="A",'Run grid'!$B$4,IF(C16="B",'Run grid'!$B$6,'Run grid'!$B$8)) | T16: =S16*'Run grid'!$B$22 | U16: Fast drift, low diffusion | V16: Hole-field attachment; adds F nuclei
A17: B13 | B17: Ar:CF4 | C17: B | D17: Ar:CF4 90:10 | E17: cf4 | F17: 10 | K17: =100-F17-H17-J17 | L17: =(K17*INDEX(Components!$D$2:$D$17,MATCH("ar",Components!$A$2:$A$17,0))+IF(E17="",0,F17*INDEX(Components!$D$2:$D$17,MATCH(E17,Components!$A$2:$A$17,0)))+IF(G17="",0,H17*INDEX(Components!$D$2:$D$17,MATCH(G17,Components!$A$2:$A$17,0)))+IF(I17="",0,J17*INDEX(Components!$D$2:$D$17,MATCH(I17,Components!$A$2:$A$17,0))))/100 | M17: =K17*INDEX(Components!$D$2:$D$17,MATCH("ar",Components!$A$2:$A$17,0))/(K17*INDEX(Components!$D$2:$D$17,MATCH("ar",Components!$A$2:$A$17,0))+IF(E17="",0,F17*INDEX(Components!$D$2:$D$17,MATCH(E17,Components!$A$2:$A$17,0)))+IF(G17="",0,H17*INDEX(Components!$D$2:$D$17,MATCH(G17,Components!$A$2:$A$17,0)))+IF(I17="",0,J17*INDEX(Components!$D$2:$D$17,MATCH(I17,Components!$A$2:$A$17,0)))) | N17: =MIN(15.76,IF(E17="",99,INDEX(Components!$E$2:$E$17,MATCH(E17,Components!$A$2:$A$17,0))),IF(G17="",99,INDEX(Components!$E$2:$E$17,MATCH(G17,Components!$A$2:$A$17,0))),IF(I17="",99,INDEX(Components!$E$2:$E$17,MATCH(I17,Components!$A$2:$A$17,0)))) | O17: =IF(N17<11.55,"4s, 4p and higher",IF(N17<12.91,"4p and higher",IF(N17<13.85,"3d/5s and higher",IF(N17<15.76,"high Rydberg only","none")))) | P17: =IF(E17="",0,IF(INDEX(Components!$F$2:$F$17,MATCH(E17,Components!$A$2:$A$17,0))>0,F17,0))+IF(G17="",0,IF(INDEX(Components!$F$2:$F$17,MATCH(G17,Components!$A$2:$A$17,0))>0,H17,0))+IF(I17="",0,IF(INDEX(Components!$F$2:$F$17,MATCH(I17,Components!$A$2:$A$17,0))>0,J17,0)) | Q17: C, F | R17: none: bracket r | S17: =IF(C17="A",'Run grid'!$B$4,IF(C17="B",'Run grid'!$B$6,'Run grid'!$B$8)) | T17: =S17*'Run grid'!$B$22 | U17: Fast drift, low diffusion | V17: Hole-field attachment; adds F nuclei
A18: B14 | B18: Ar:C2H6 | C18: C | D18: Ar:C2H6 98:2 | E18: c2h6 | F18: 2 | K18: =100-F18-H18-J18 | L18: =(K18*INDEX(Components!$D$2:$D$17,MATCH("ar",Components!$A$2:$A$17,0))+IF(E18="",0,F18*INDEX(Components!$D$2:$D$17,MATCH(E18,Components!$A$2:$A$17,0)))+IF(G18="",0,H18*INDEX(Components!$D$2:$D$17,MATCH(G18,Components!$A$2:$A$17,0)))+IF(I18="",0,J18*INDEX(Components!$D$2:$D$17,MATCH(I18,Components!$A$2:$A$17,0))))/100 | M18: =K18*INDEX(Components!$D$2:$D$17,MATCH("ar",Components!$A$2:$A$17,0))/(K18*INDEX(Components!$D$2:$D$17,MATCH("ar",Components!$A$2:$A$17,0))+IF(E18="",0,F18*INDEX(Components!$D$2:$D$17,MATCH(E18,Components!$A$2:$A$17,0)))+IF(G18="",0,H18*INDEX(Components!$D$2:$D$17,MATCH(G18,Components!$A$2:$A$17,0)))+IF(I18="",0,J18*INDEX(Components!$D$2:$D$17,MATCH(I18,Components!$A$2:$A$17,0)))) | N18: =MIN(15.76,IF(E18="",99,INDEX(Components!$E$2:$E$17,MATCH(E18,Components!$A$2:$A$17,0))),IF(G18="",99,INDEX(Components!$E$2:$E$17,MATCH(G18,Components!$A$2:$A$17,0))),IF(I18="",99,INDEX(Components!$E$2:$E$17,MATCH(I18,Components!$A$2:$A$17,0)))) | O18: =IF(N18<11.55,"4s, 4p and higher",IF(N18<12.91,"4p and higher",IF(N18<13.85,"3d/5s and higher",IF(N18<15.76,"high Rydberg only","none")))) | P18: =IF(E18="",0,IF(INDEX(Components!$F$2:$F$17,MATCH(E18,Components!$A$2:$A$17,0))>0,F18,0))+IF(G18="",0,IF(INDEX(Components!$F$2:$F$17,MATCH(G18,Components!$A$2:$A$17,0))>0,H18,0))+IF(I18="",0,IF(INDEX(Components!$F$2:$F$17,MATCH(I18,Components!$A$2:$A$17,0))>0,J18,0)) | Q18: H, C | R18: auto: 0.31 (10 %, 1 atm only) | S18: =IF(C18="A",'Run grid'!$B$4,IF(C18="B",'Run grid'!$B$6,'Run grid'!$B$8)) | T18: =S18*'Run grid'!$B$22 | U18: Better UV quencher than CH4 | V18: Flammable
A19: B15 | B19: Ar:C2H6 | C19: B | D19: Ar:C2H6 95:5 | E19: c2h6 | F19: 5 | K19: =100-F19-H19-J19 | L19: =(K19*INDEX(Components!$D$2:$D$17,MATCH("ar",Components!$A$2:$A$17,0))+IF(E19="",0,F19*INDEX(Components!$D$2:$D$17,MATCH(E19,Components!$A$2:$A$17,0)))+IF(G19="",0,H19*INDEX(Components!$D$2:$D$17,MATCH(G19,Components!$A$2:$A$17,0)))+IF(I19="",0,J19*INDEX(Components!$D$2:$D$17,MATCH(I19,Components!$A$2:$A$17,0))))/100 | M19: =K19*INDEX(Components!$D$2:$D$17,MATCH("ar",Components!$A$2:$A$17,0))/(K19*INDEX(Components!$D$2:$D$17,MATCH("ar",Components!$A$2:$A$17,0))+IF(E19="",0,F19*INDEX(Components!$D$2:$D$17,MATCH(E19,Components!$A$2:$A$17,0)))+IF(G19="",0,H19*INDEX(Components!$D$2:$D$17,MATCH(G19,Components!$A$2:$A$17,0)))+IF(I19="",0,J19*INDEX(Components!$D$2:$D$17,MATCH(I19,Components!$A$2:$A$17,0)))) | N19: =MIN(15.76,IF(E19="",99,INDEX(Components!$E$2:$E$17,MATCH(E19,Components!$A$2:$A$17,0))),IF(G19="",99,INDEX(Components!$E$2:$E$17,MATCH(G19,Components!$A$2:$A$17,0))),IF(I19="",99,INDEX(Components!$E$2:$E$17,MATCH(I19,Components!$A$2:$A$17,0)))) | O19: =IF(N19<11.55,"4s, 4p and higher",IF(N19<12.91,"4p and higher",IF(N19<13.85,"3d/5s and higher",IF(N19<15.76,"high Rydberg only","none")))) | P19: =IF(E19="",0,IF(INDEX(Components!$F$2:$F$17,MATCH(E19,Components!$A$2:$A$17,0))>0,F19,0))+IF(G19="",0,IF(INDEX(Components!$F$2:$F$17,MATCH(G19,Components!$A$2:$A$17,0))>0,H19,0))+IF(I19="",0,IF(INDEX(Components!$F$2:$F$17,MATCH(I19,Components!$A$2:$A$17,0))>0,J19,0)) | Q19: H, C | R19: auto: 0.31 (10 %, 1 atm only) | S19: =IF(C19="A",'Run grid'!$B$4,IF(C19="B",'Run grid'!$B$6,'Run grid'!$B$8)) | T19: =S19*'Run grid'!$B$22 | U19: Better UV quencher than CH4; Penning from Ar 4s marginal | V19: Flammable
A20: B16 | B20: Ar:C2H6 | C20: C | D20: Ar:C2H6 90:10 | E20: c2h6 | F20: 10 | K20: =100-F20-H20-J20 | L20: =(K20*INDEX(Components!$D$2:$D$17,MATCH("ar",Components!$A$2:$A$17,0))+IF(E20="",0,F20*INDEX(Components!$D$2:$D$17,MATCH(E20,Components!$A$2:$A$17,0)))+IF(G20="",0,H20*INDEX(Components!$D$2:$D$17,MATCH(G20,Components!$A$2:$A$17,0)))+IF(I20="",0,J20*INDEX(Components!$D$2:$D$17,MATCH(I20,Components!$A$2:$A$17,0))))/100 | M20: =K20*INDEX(Components!$D$2:$D$17,MATCH("ar",Components!$A$2:$A$17,0))/(K20*INDEX(Components!$D$2:$D$17,MATCH("ar",Components!$A$2:$A$17,0))+IF(E20="",0,F20*INDEX(Components!$D$2:$D$17,MATCH(E20,Components!$A$2:$A$17,0)))+IF(G20="",0,H20*INDEX(Components!$D$2:$D$17,MATCH(G20,Components!$A$2:$A$17,0)))+IF(I20="",0,J20*INDEX(Components!$D$2:$D$17,MATCH(I20,Components!$A$2:$A$17,0)))) | N20: =MIN(15.76,IF(E20="",99,INDEX(Components!$E$2:$E$17,MATCH(E20,Components!$A$2:$A$17,0))),IF(G20="",99,INDEX(Components!$E$2:$E$17,MATCH(G20,Components!$A$2:$A$17,0))),IF(I20="",99,INDEX(Components!$E$2:$E$17,MATCH(I20,Components!$A$2:$A$17,0)))) | O20: =IF(N20<11.55,"4s, 4p and higher",IF(N20<12.91,"4p and higher",IF(N20<13.85,"3d/5s and higher",IF(N20<15.76,"high Rydberg only","none")))) | P20: =IF(E20="",0,IF(INDEX(Components!$F$2:$F$17,MATCH(E20,Components!$A$2:$A$17,0))>0,F20,0))+IF(G20="",0,IF(INDEX(Components!$F$2:$F$17,MATCH(G20,Components!$A$2:$A$17,0))>0,H20,0))+IF(I20="",0,IF(INDEX(Components!$F$2:$F$17,MATCH(I20,Components!$A$2:$A$17,0))>0,J20,0)) | Q20: H, C | R20: auto: 0.31 (10 %, 1 atm only) | S20: =IF(C20="A",'Run grid'!$B$4,IF(C20="B",'Run grid'!$B$6,'Run grid'!$B$8)) | T20: =S20*'Run grid'!$B$22 | U20: Only point with a published r (0.31, 1 atm) | V20: Flammable | W20: Sahin 2010 (r at 1 atm)
A21: B17 | B21: Ar:C3H8 | C21: C | D21: Ar:C3H8 98:2 | E21: c3h8 | F21: 2 | K21: =100-F21-H21-J21 | L21: =(K21*INDEX(Components!$D$2:$D$17,MATCH("ar",Components!$A$2:$A$17,0))+IF(E21="",0,F21*INDEX(Components!$D$2:$D$17,MATCH(E21,Components!$A$2:$A$17,0)))+IF(G21="",0,H21*INDEX(Components!$D$2:$D$17,MATCH(G21,Components!$A$2:$A$17,0)))+IF(I21="",0,J21*INDEX(Components!$D$2:$D$17,MATCH(I21,Components!$A$2:$A$17,0))))/100 | M21: =K21*INDEX(Components!$D$2:$D$17,MATCH("ar",Components!$A$2:$A$17,0))/(K21*INDEX(Components!$D$2:$D$17,MATCH("ar",Components!$A$2:$A$17,0))+IF(E21="",0,F21*INDEX(Components!$D$2:$D$17,MATCH(E21,Components!$A$2:$A$17,0)))+IF(G21="",0,H21*INDEX(Components!$D$2:$D$17,MATCH(G21,Components!$A$2:$A$17,0)))+IF(I21="",0,J21*INDEX(Components!$D$2:$D$17,MATCH(I21,Components!$A$2:$A$17,0)))) | N21: =MIN(15.76,IF(E21="",99,INDEX(Components!$E$2:$E$17,MATCH(E21,Components!$A$2:$A$17,0))),IF(G21="",99,INDEX(Components!$E$2:$E$17,MATCH(G21,Components!$A$2:$A$17,0))),IF(I21="",99,INDEX(Components!$E$2:$E$17,MATCH(I21,Components!$A$2:$A$17,0)))) | O21: =IF(N21<11.55,"4s, 4p and higher",IF(N21<12.91,"4p and higher",IF(N21<13.85,"3d/5s and higher",IF(N21<15.76,"high Rydberg only","none")))) | P21: =IF(E21="",0,IF(INDEX(Components!$F$2:$F$17,MATCH(E21,Components!$A$2:$A$17,0))>0,F21,0))+IF(G21="",0,IF(INDEX(Components!$F$2:$F$17,MATCH(G21,Components!$A$2:$A$17,0))>0,H21,0))+IF(I21="",0,IF(INDEX(Components!$F$2:$F$17,MATCH(I21,Components!$A$2:$A$17,0))>0,J21,0)) | Q21: H, C | R21: auto: c-dependent (1 atm only) | S21: =IF(C21="A",'Run grid'!$B$4,IF(C21="B",'Run grid'!$B$6,'Run grid'!$B$8)) | T21: =S21*'Run grid'!$B$22 | U21: Penning donor (IP 10.9 eV) | V21: Flammable | W21: Sahin 2010 (r at 1 atm)
A22: B18 | B22: Ar:C3H8 | C22: C | D22: Ar:C3H8 95:5 | E22: c3h8 | F22: 5 | K22: =100-F22-H22-J22 | L22: =(K22*INDEX(Components!$D$2:$D$17,MATCH("ar",Components!$A$2:$A$17,0))+IF(E22="",0,F22*INDEX(Components!$D$2:$D$17,MATCH(E22,Components!$A$2:$A$17,0)))+IF(G22="",0,H22*INDEX(Components!$D$2:$D$17,MATCH(G22,Components!$A$2:$A$17,0)))+IF(I22="",0,J22*INDEX(Components!$D$2:$D$17,MATCH(I22,Components!$A$2:$A$17,0))))/100 | M22: =K22*INDEX(Components!$D$2:$D$17,MATCH("ar",Components!$A$2:$A$17,0))/(K22*INDEX(Components!$D$2:$D$17,MATCH("ar",Components!$A$2:$A$17,0))+IF(E22="",0,F22*INDEX(Components!$D$2:$D$17,MATCH(E22,Components!$A$2:$A$17,0)))+IF(G22="",0,H22*INDEX(Components!$D$2:$D$17,MATCH(G22,Components!$A$2:$A$17,0)))+IF(I22="",0,J22*INDEX(Components!$D$2:$D$17,MATCH(I22,Components!$A$2:$A$17,0)))) | N22: =MIN(15.76,IF(E22="",99,INDEX(Components!$E$2:$E$17,MATCH(E22,Components!$A$2:$A$17,0))),IF(G22="",99,INDEX(Components!$E$2:$E$17,MATCH(G22,Components!$A$2:$A$17,0))),IF(I22="",99,INDEX(Components!$E$2:$E$17,MATCH(I22,Components!$A$2:$A$17,0)))) | O22: =IF(N22<11.55,"4s, 4p and higher",IF(N22<12.91,"4p and higher",IF(N22<13.85,"3d/5s and higher",IF(N22<15.76,"high Rydberg only","none")))) | P22: =IF(E22="",0,IF(INDEX(Components!$F$2:$F$17,MATCH(E22,Components!$A$2:$A$17,0))>0,F22,0))+IF(G22="",0,IF(INDEX(Components!$F$2:$F$17,MATCH(G22,Components!$A$2:$A$17,0))>0,H22,0))+IF(I22="",0,IF(INDEX(Components!$F$2:$F$17,MATCH(I22,Components!$A$2:$A$17,0))>0,J22,0)) | Q22: H, C | R22: auto: c-dependent (1 atm only) | S22: =IF(C22="A",'Run grid'!$B$4,IF(C22="B",'Run grid'!$B$6,'Run grid'!$B$8)) | T22: =S22*'Run grid'!$B$22 | U22: Penning donor (IP 10.9 eV) | V22: Flammable
A23: B19 | B23: Ar:iC4H10 | C23: B | D23: Ar:iC4H10 99:1 | E23: ic4h10 | F23: 1 | K23: =100-F23-H23-J23 | L23: =(K23*INDEX(Components!$D$2:$D$17,MATCH("ar",Components!$A$2:$A$17,0))+IF(E23="",0,F23*INDEX(Components!$D$2:$D$17,MATCH(E23,Components!$A$2:$A$17,0)))+IF(G23="",0,H23*INDEX(Components!$D$2:$D$17,MATCH(G23,Components!$A$2:$A$17,0)))+IF(I23="",0,J23*INDEX(Components!$D$2:$D$17,MATCH(I23,Components!$A$2:$A$17,0))))/100 | M23: =K23*INDEX(Components!$D$2:$D$17,MATCH("ar",Components!$A$2:$A$17,0))/(K23*INDEX(Components!$D$2:$D$17,MATCH("ar",Components!$A$2:$A$17,0))+IF(E23="",0,F23*INDEX(Components!$D$2:$D$17,MATCH(E23,Components!$A$2:$A$17,0)))+IF(G23="",0,H23*INDEX(Components!$D$2:$D$17,MATCH(G23,Components!$A$2:$A$17,0)))+IF(I23="",0,J23*INDEX(Components!$D$2:$D$17,MATCH(I23,Components!$A$2:$A$17,0)))) | N23: =MIN(15.76,IF(E23="",99,INDEX(Components!$E$2:$E$17,MATCH(E23,Components!$A$2:$A$17,0))),IF(G23="",99,INDEX(Components!$E$2:$E$17,MATCH(G23,Components!$A$2:$A$17,0))),IF(I23="",99,INDEX(Components!$E$2:$E$17,MATCH(I23,Components!$A$2:$A$17,0)))) | O23: =IF(N23<11.55,"4s, 4p and higher",IF(N23<12.91,"4p and higher",IF(N23<13.85,"3d/5s and higher",IF(N23<15.76,"high Rydberg only","none")))) | P23: =IF(E23="",0,IF(INDEX(Components!$F$2:$F$17,MATCH(E23,Components!$A$2:$A$17,0))>0,F23,0))+IF(G23="",0,IF(INDEX(Components!$F$2:$F$17,MATCH(G23,Components!$A$2:$A$17,0))>0,H23,0))+IF(I23="",0,IF(INDEX(Components!$F$2:$F$17,MATCH(I23,Components!$A$2:$A$17,0))>0,J23,0)) | Q23: H, C | R23: auto: 0.40 (10 %, 1 atm only) | S23: =IF(C23="A",'Run grid'!$B$4,IF(C23="B",'Run grid'!$B$6,'Run grid'!$B$8)) | T23: =S23*'Run grid'!$B$22 | U23: Donor alone, lowest fraction | V23: Flammable
A24: B20 | B24: Ar:iC4H10 | C24: A | D24: Ar:iC4H10 98:2 | E24: ic4h10 | F24: 2 | K24: =100-F24-H24-J24 | L24: =(K24*INDEX(Components!$D$2:$D$17,MATCH("ar",Components!$A$2:$A$17,0))+IF(E24="",0,F24*INDEX(Components!$D$2:$D$17,MATCH(E24,Components!$A$2:$A$17,0)))+IF(G24="",0,H24*INDEX(Components!$D$2:$D$17,MATCH(G24,Components!$A$2:$A$17,0)))+IF(I24="",0,J24*INDEX(Components!$D$2:$D$17,MATCH(I24,Components!$A$2:$A$17,0))))/100 | M24: =K24*INDEX(Components!$D$2:$D$17,MATCH("ar",Components!$A$2:$A$17,0))/(K24*INDEX(Components!$D$2:$D$17,MATCH("ar",Components!$A$2:$A$17,0))+IF(E24="",0,F24*INDEX(Components!$D$2:$D$17,MATCH(E24,Components!$A$2:$A$17,0)))+IF(G24="",0,H24*INDEX(Components!$D$2:$D$17,MATCH(G24,Components!$A$2:$A$17,0)))+IF(I24="",0,J24*INDEX(Components!$D$2:$D$17,MATCH(I24,Components!$A$2:$A$17,0)))) | N24: =MIN(15.76,IF(E24="",99,INDEX(Components!$E$2:$E$17,MATCH(E24,Components!$A$2:$A$17,0))),IF(G24="",99,INDEX(Components!$E$2:$E$17,MATCH(G24,Components!$A$2:$A$17,0))),IF(I24="",99,INDEX(Components!$E$2:$E$17,MATCH(I24,Components!$A$2:$A$17,0)))) | O24: =IF(N24<11.55,"4s, 4p and higher",IF(N24<12.91,"4p and higher",IF(N24<13.85,"3d/5s and higher",IF(N24<15.76,"high Rydberg only","none")))) | P24: =IF(E24="",0,IF(INDEX(Components!$F$2:$F$17,MATCH(E24,Components!$A$2:$A$17,0))>0,F24,0))+IF(G24="",0,IF(INDEX(Components!$F$2:$F$17,MATCH(G24,Components!$A$2:$A$17,0))>0,H24,0))+IF(I24="",0,IF(INDEX(Components!$F$2:$F$17,MATCH(I24,Components!$A$2:$A$17,0))>0,J24,0)) | Q24: H, C | R24: auto: 0.40 (10 %, 1 atm only) | S24: =IF(C24="A",'Run grid'!$B$4,IF(C24="B",'Run grid'!$B$6,'Run grid'!$B$8)) | T24: =S24*'Run grid'!$B$22 | U24: Donor alone; same isobutane as T2K gas | V24: Flammable
A25: B21 | B25: Ar:iC4H10 | C25: B | D25: Ar:iC4H10 97:3 | E25: ic4h10 | F25: 3 | K25: =100-F25-H25-J25 | L25: =(K25*INDEX(Components!$D$2:$D$17,MATCH("ar",Components!$A$2:$A$17,0))+IF(E25="",0,F25*INDEX(Components!$D$2:$D$17,MATCH(E25,Components!$A$2:$A$17,0)))+IF(G25="",0,H25*INDEX(Components!$D$2:$D$17,MATCH(G25,Components!$A$2:$A$17,0)))+IF(I25="",0,J25*INDEX(Components!$D$2:$D$17,MATCH(I25,Components!$A$2:$A$17,0))))/100 | M25: =K25*INDEX(Components!$D$2:$D$17,MATCH("ar",Components!$A$2:$A$17,0))/(K25*INDEX(Components!$D$2:$D$17,MATCH("ar",Components!$A$2:$A$17,0))+IF(E25="",0,F25*INDEX(Components!$D$2:$D$17,MATCH(E25,Components!$A$2:$A$17,0)))+IF(G25="",0,H25*INDEX(Components!$D$2:$D$17,MATCH(G25,Components!$A$2:$A$17,0)))+IF(I25="",0,J25*INDEX(Components!$D$2:$D$17,MATCH(I25,Components!$A$2:$A$17,0)))) | N25: =MIN(15.76,IF(E25="",99,INDEX(Components!$E$2:$E$17,MATCH(E25,Components!$A$2:$A$17,0))),IF(G25="",99,INDEX(Components!$E$2:$E$17,MATCH(G25,Components!$A$2:$A$17,0))),IF(I25="",99,INDEX(Components!$E$2:$E$17,MATCH(I25,Components!$A$2:$A$17,0)))) | O25: =IF(N25<11.55,"4s, 4p and higher",IF(N25<12.91,"4p and higher",IF(N25<13.85,"3d/5s and higher",IF(N25<15.76,"high Rydberg only","none")))) | P25: =IF(E25="",0,IF(INDEX(Components!$F$2:$F$17,MATCH(E25,Components!$A$2:$A$17,0))>0,F25,0))+IF(G25="",0,IF(INDEX(Components!$F$2:$F$17,MATCH(G25,Components!$A$2:$A$17,0))>0,H25,0))+IF(I25="",0,IF(INDEX(Components!$F$2:$F$17,MATCH(I25,Components!$A$2:$A$17,0))>0,J25,0)) | Q25: H, C | R25: auto: 0.40 (10 %, 1 atm only) | S25: =IF(C25="A",'Run grid'!$B$4,IF(C25="B",'Run grid'!$B$6,'Run grid'!$B$8)) | T25: =S25*'Run grid'!$B$22 | U25: Donor alone | V25: Flammable
A26: B22 | B26: Ar:iC4H10 | C26: C | D26: Ar:iC4H10 95:5 | E26: ic4h10 | F26: 5 | K26: =100-F26-H26-J26 | L26: =(K26*INDEX(Components!$D$2:$D$17,MATCH("ar",Components!$A$2:$A$17,0))+IF(E26="",0,F26*INDEX(Components!$D$2:$D$17,MATCH(E26,Components!$A$2:$A$17,0)))+IF(G26="",0,H26*INDEX(Components!$D$2:$D$17,MATCH(G26,Components!$A$2:$A$17,0)))+IF(I26="",0,J26*INDEX(Components!$D$2:$D$17,MATCH(I26,Components!$A$2:$A$17,0))))/100 | M26: =K26*INDEX(Components!$D$2:$D$17,MATCH("ar",Components!$A$2:$A$17,0))/(K26*INDEX(Components!$D$2:$D$17,MATCH("ar",Components!$A$2:$A$17,0))+IF(E26="",0,F26*INDEX(Components!$D$2:$D$17,MATCH(E26,Components!$A$2:$A$17,0)))+IF(G26="",0,H26*INDEX(Components!$D$2:$D$17,MATCH(G26,Components!$A$2:$A$17,0)))+IF(I26="",0,J26*INDEX(Components!$D$2:$D$17,MATCH(I26,Components!$A$2:$A$17,0)))) | N26: =MIN(15.76,IF(E26="",99,INDEX(Components!$E$2:$E$17,MATCH(E26,Components!$A$2:$A$17,0))),IF(G26="",99,INDEX(Components!$E$2:$E$17,MATCH(G26,Components!$A$2:$A$17,0))),IF(I26="",99,INDEX(Components!$E$2:$E$17,MATCH(I26,Components!$A$2:$A$17,0)))) | O26: =IF(N26<11.55,"4s, 4p and higher",IF(N26<12.91,"4p and higher",IF(N26<13.85,"3d/5s and higher",IF(N26<15.76,"high Rydberg only","none")))) | P26: =IF(E26="",0,IF(INDEX(Components!$F$2:$F$17,MATCH(E26,Components!$A$2:$A$17,0))>0,F26,0))+IF(G26="",0,IF(INDEX(Components!$F$2:$F$17,MATCH(G26,Components!$A$2:$A$17,0))>0,H26,0))+IF(I26="",0,IF(INDEX(Components!$F$2:$F$17,MATCH(I26,Components!$A$2:$A$17,0))>0,J26,0)) | Q26: H, C | R26: auto: 0.40 (10 %, 1 atm only) | S26: =IF(C26="A",'Run grid'!$B$4,IF(C26="B",'Run grid'!$B$6,'Run grid'!$B$8)) | T26: =S26*'Run grid'!$B$22 | U26: Donor alone | V26: Flammable; partial pressure 0.5 bar at 10 bar
A27: B23 | B27: Ar:DME | C27: B | D27: Ar:DME 99:1 | E27: dme | F27: 1 | K27: =100-F27-H27-J27 | L27: =(K27*INDEX(Components!$D$2:$D$17,MATCH("ar",Components!$A$2:$A$17,0))+IF(E27="",0,F27*INDEX(Components!$D$2:$D$17,MATCH(E27,Components!$A$2:$A$17,0)))+IF(G27="",0,H27*INDEX(Components!$D$2:$D$17,MATCH(G27,Components!$A$2:$A$17,0)))+IF(I27="",0,J27*INDEX(Components!$D$2:$D$17,MATCH(I27,Components!$A$2:$A$17,0))))/100 | M27: =K27*INDEX(Components!$D$2:$D$17,MATCH("ar",Components!$A$2:$A$17,0))/(K27*INDEX(Components!$D$2:$D$17,MATCH("ar",Components!$A$2:$A$17,0))+IF(E27="",0,F27*INDEX(Components!$D$2:$D$17,MATCH(E27,Components!$A$2:$A$17,0)))+IF(G27="",0,H27*INDEX(Components!$D$2:$D$17,MATCH(G27,Components!$A$2:$A$17,0)))+IF(I27="",0,J27*INDEX(Components!$D$2:$D$17,MATCH(I27,Components!$A$2:$A$17,0)))) | N27: =MIN(15.76,IF(E27="",99,INDEX(Components!$E$2:$E$17,MATCH(E27,Components!$A$2:$A$17,0))),IF(G27="",99,INDEX(Components!$E$2:$E$17,MATCH(G27,Components!$A$2:$A$17,0))),IF(I27="",99,INDEX(Components!$E$2:$E$17,MATCH(I27,Components!$A$2:$A$17,0)))) | O27: =IF(N27<11.55,"4s, 4p and higher",IF(N27<12.91,"4p and higher",IF(N27<13.85,"3d/5s and higher",IF(N27<15.76,"high Rydberg only","none")))) | P27: =IF(E27="",0,IF(INDEX(Components!$F$2:$F$17,MATCH(E27,Components!$A$2:$A$17,0))>0,F27,0))+IF(G27="",0,IF(INDEX(Components!$F$2:$F$17,MATCH(G27,Components!$A$2:$A$17,0))>0,H27,0))+IF(I27="",0,IF(INDEX(Components!$F$2:$F$17,MATCH(I27,Components!$A$2:$A$17,0))>0,J27,0)) | Q27: H, C, O | R27: none: bracket r | S27: =IF(C27="A",'Run grid'!$B$4,IF(C27="B",'Run grid'!$B$6,'Run grid'!$B$8)) | T27: =S27*'Run grid'!$B$22 | U27: Donor, no attachment | V27: Flammable; materials compatibility
A28: B24 | B28: Ar:DME | C28: B | D28: Ar:DME 98:2 | E28: dme | F28: 2 | K28: =100-F28-H28-J28 | L28: =(K28*INDEX(Components!$D$2:$D$17,MATCH("ar",Components!$A$2:$A$17,0))+IF(E28="",0,F28*INDEX(Components!$D$2:$D$17,MATCH(E28,Components!$A$2:$A$17,0)))+IF(G28="",0,H28*INDEX(Components!$D$2:$D$17,MATCH(G28,Components!$A$2:$A$17,0)))+IF(I28="",0,J28*INDEX(Components!$D$2:$D$17,MATCH(I28,Components!$A$2:$A$17,0))))/100 | M28: =K28*INDEX(Components!$D$2:$D$17,MATCH("ar",Components!$A$2:$A$17,0))/(K28*INDEX(Components!$D$2:$D$17,MATCH("ar",Components!$A$2:$A$17,0))+IF(E28="",0,F28*INDEX(Components!$D$2:$D$17,MATCH(E28,Components!$A$2:$A$17,0)))+IF(G28="",0,H28*INDEX(Components!$D$2:$D$17,MATCH(G28,Components!$A$2:$A$17,0)))+IF(I28="",0,J28*INDEX(Components!$D$2:$D$17,MATCH(I28,Components!$A$2:$A$17,0)))) | N28: =MIN(15.76,IF(E28="",99,INDEX(Components!$E$2:$E$17,MATCH(E28,Components!$A$2:$A$17,0))),IF(G28="",99,INDEX(Components!$E$2:$E$17,MATCH(G28,Components!$A$2:$A$17,0))),IF(I28="",99,INDEX(Components!$E$2:$E$17,MATCH(I28,Components!$A$2:$A$17,0)))) | O28: =IF(N28<11.55,"4s, 4p and higher",IF(N28<12.91,"4p and higher",IF(N28<13.85,"3d/5s and higher",IF(N28<15.76,"high Rydberg only","none")))) | P28: =IF(E28="",0,IF(INDEX(Components!$F$2:$F$17,MATCH(E28,Components!$A$2:$A$17,0))>0,F28,0))+IF(G28="",0,IF(INDEX(Components!$F$2:$F$17,MATCH(G28,Components!$A$2:$A$17,0))>0,H28,0))+IF(I28="",0,IF(INDEX(Components!$F$2:$F$17,MATCH(I28,Components!$A$2:$A$17,0))>0,J28,0)) | Q28: H, C, O | R28: none: bracket r | S28: =IF(C28="A",'Run grid'!$B$4,IF(C28="B",'Run grid'!$B$6,'Run grid'!$B$8)) | T28: =S28*'Run grid'!$B$22 | U28: Donor, no attachment | V28: Flammable; materials compatibility
A29: B25 | B29: Ar:DME | C29: C | D29: Ar:DME 95:5 | E29: dme | F29: 5 | K29: =100-F29-H29-J29 | L29: =(K29*INDEX(Components!$D$2:$D$17,MATCH("ar",Components!$A$2:$A$17,0))+IF(E29="",0,F29*INDEX(Components!$D$2:$D$17,MATCH(E29,Components!$A$2:$A$17,0)))+IF(G29="",0,H29*INDEX(Components!$D$2:$D$17,MATCH(G29,Components!$A$2:$A$17,0)))+IF(I29="",0,J29*INDEX(Components!$D$2:$D$17,MATCH(I29,Components!$A$2:$A$17,0))))/100 | M29: =K29*INDEX(Components!$D$2:$D$17,MATCH("ar",Components!$A$2:$A$17,0))/(K29*INDEX(Components!$D$2:$D$17,MATCH("ar",Components!$A$2:$A$17,0))+IF(E29="",0,F29*INDEX(Components!$D$2:$D$17,MATCH(E29,Components!$A$2:$A$17,0)))+IF(G29="",0,H29*INDEX(Components!$D$2:$D$17,MATCH(G29,Components!$A$2:$A$17,0)))+IF(I29="",0,J29*INDEX(Components!$D$2:$D$17,MATCH(I29,Components!$A$2:$A$17,0)))) | N29: =MIN(15.76,IF(E29="",99,INDEX(Components!$E$2:$E$17,MATCH(E29,Components!$A$2:$A$17,0))),IF(G29="",99,INDEX(Components!$E$2:$E$17,MATCH(G29,Components!$A$2:$A$17,0))),IF(I29="",99,INDEX(Components!$E$2:$E$17,MATCH(I29,Components!$A$2:$A$17,0)))) | O29: =IF(N29<11.55,"4s, 4p and higher",IF(N29<12.91,"4p and higher",IF(N29<13.85,"3d/5s and higher",IF(N29<15.76,"high Rydberg only","none")))) | P29: =IF(E29="",0,IF(INDEX(Components!$F$2:$F$17,MATCH(E29,Components!$A$2:$A$17,0))>0,F29,0))+IF(G29="",0,IF(INDEX(Components!$F$2:$F$17,MATCH(G29,Components!$A$2:$A$17,0))>0,H29,0))+IF(I29="",0,IF(INDEX(Components!$F$2:$F$17,MATCH(I29,Components!$A$2:$A$17,0))>0,J29,0)) | Q29: H, C, O | R29: none: bracket r | S29: =IF(C29="A",'Run grid'!$B$4,IF(C29="B",'Run grid'!$B$6,'Run grid'!$B$8)) | T29: =S29*'Run grid'!$B$22 | U29: Donor, no attachment | V29: Flammable; materials compatibility
A30: B26 | B30: Ar:TMA | C30: B | D30: Ar:TMA 99.5:0.5 | E30: tma | F30: 0.5 | K30: =100-F30-H30-J30 | L30: =(K30*INDEX(Components!$D$2:$D$17,MATCH("ar",Components!$A$2:$A$17,0))+IF(E30="",0,F30*INDEX(Components!$D$2:$D$17,MATCH(E30,Components!$A$2:$A$17,0)))+IF(G30="",0,H30*INDEX(Components!$D$2:$D$17,MATCH(G30,Components!$A$2:$A$17,0)))+IF(I30="",0,J30*INDEX(Components!$D$2:$D$17,MATCH(I30,Components!$A$2:$A$17,0))))/100 | M30: =K30*INDEX(Components!$D$2:$D$17,MATCH("ar",Components!$A$2:$A$17,0))/(K30*INDEX(Components!$D$2:$D$17,MATCH("ar",Components!$A$2:$A$17,0))+IF(E30="",0,F30*INDEX(Components!$D$2:$D$17,MATCH(E30,Components!$A$2:$A$17,0)))+IF(G30="",0,H30*INDEX(Components!$D$2:$D$17,MATCH(G30,Components!$A$2:$A$17,0)))+IF(I30="",0,J30*INDEX(Components!$D$2:$D$17,MATCH(I30,Components!$A$2:$A$17,0)))) | N30: =MIN(15.76,IF(E30="",99,INDEX(Components!$E$2:$E$17,MATCH(E30,Components!$A$2:$A$17,0))),IF(G30="",99,INDEX(Components!$E$2:$E$17,MATCH(G30,Components!$A$2:$A$17,0))),IF(I30="",99,INDEX(Components!$E$2:$E$17,MATCH(I30,Components!$A$2:$A$17,0)))) | O30: =IF(N30<11.55,"4s, 4p and higher",IF(N30<12.91,"4p and higher",IF(N30<13.85,"3d/5s and higher",IF(N30<15.76,"high Rydberg only","none")))) | P30: =IF(E30="",0,IF(INDEX(Components!$F$2:$F$17,MATCH(E30,Components!$A$2:$A$17,0))>0,F30,0))+IF(G30="",0,IF(INDEX(Components!$F$2:$F$17,MATCH(G30,Components!$A$2:$A$17,0))>0,H30,0))+IF(I30="",0,IF(INDEX(Components!$F$2:$F$17,MATCH(I30,Components!$A$2:$A$17,0))>0,J30,0)) | Q30: H, C, N | R30: none: bracket r | S30: =IF(C30="A",'Run grid'!$B$4,IF(C30="B",'Run grid'!$B$6,'Run grid'!$B$8)) | T30: =S30*'Run grid'!$B$22 | U30: Strongest Penning donor (IP 7.9 eV) | V30: Toxic, reactive
A31: B27 | B31: Ar:TMA | C31: B | D31: Ar:TMA 99:1 | E31: tma | F31: 1 | K31: =100-F31-H31-J31 | L31: =(K31*INDEX(Components!$D$2:$D$17,MATCH("ar",Components!$A$2:$A$17,0))+IF(E31="",0,F31*INDEX(Components!$D$2:$D$17,MATCH(E31,Components!$A$2:$A$17,0)))+IF(G31="",0,H31*INDEX(Components!$D$2:$D$17,MATCH(G31,Components!$A$2:$A$17,0)))+IF(I31="",0,J31*INDEX(Components!$D$2:$D$17,MATCH(I31,Components!$A$2:$A$17,0))))/100 | M31: =K31*INDEX(Components!$D$2:$D$17,MATCH("ar",Components!$A$2:$A$17,0))/(K31*INDEX(Components!$D$2:$D$17,MATCH("ar",Components!$A$2:$A$17,0))+IF(E31="",0,F31*INDEX(Components!$D$2:$D$17,MATCH(E31,Components!$A$2:$A$17,0)))+IF(G31="",0,H31*INDEX(Components!$D$2:$D$17,MATCH(G31,Components!$A$2:$A$17,0)))+IF(I31="",0,J31*INDEX(Components!$D$2:$D$17,MATCH(I31,Components!$A$2:$A$17,0)))) | N31: =MIN(15.76,IF(E31="",99,INDEX(Components!$E$2:$E$17,MATCH(E31,Components!$A$2:$A$17,0))),IF(G31="",99,INDEX(Components!$E$2:$E$17,MATCH(G31,Components!$A$2:$A$17,0))),IF(I31="",99,INDEX(Components!$E$2:$E$17,MATCH(I31,Components!$A$2:$A$17,0)))) | O31: =IF(N31<11.55,"4s, 4p and higher",IF(N31<12.91,"4p and higher",IF(N31<13.85,"3d/5s and higher",IF(N31<15.76,"high Rydberg only","none")))) | P31: =IF(E31="",0,IF(INDEX(Components!$F$2:$F$17,MATCH(E31,Components!$A$2:$A$17,0))>0,F31,0))+IF(G31="",0,IF(INDEX(Components!$F$2:$F$17,MATCH(G31,Components!$A$2:$A$17,0))>0,H31,0))+IF(I31="",0,IF(INDEX(Components!$F$2:$F$17,MATCH(I31,Components!$A$2:$A$17,0))>0,J31,0)) | Q31: H, C, N | R31: none: bracket r | S31: =IF(C31="A",'Run grid'!$B$4,IF(C31="B",'Run grid'!$B$6,'Run grid'!$B$8)) | T31: =S31*'Run grid'!$B$22 | U31: Strongest Penning donor | V31: Toxic, reactive
A32: B28 | B32: Ar:TMA | C32: C | D32: Ar:TMA 98:2 | E32: tma | F32: 2 | K32: =100-F32-H32-J32 | L32: =(K32*INDEX(Components!$D$2:$D$17,MATCH("ar",Components!$A$2:$A$17,0))+IF(E32="",0,F32*INDEX(Components!$D$2:$D$17,MATCH(E32,Components!$A$2:$A$17,0)))+IF(G32="",0,H32*INDEX(Components!$D$2:$D$17,MATCH(G32,Components!$A$2:$A$17,0)))+IF(I32="",0,J32*INDEX(Components!$D$2:$D$17,MATCH(I32,Components!$A$2:$A$17,0))))/100 | M32: =K32*INDEX(Components!$D$2:$D$17,MATCH("ar",Components!$A$2:$A$17,0))/(K32*INDEX(Components!$D$2:$D$17,MATCH("ar",Components!$A$2:$A$17,0))+IF(E32="",0,F32*INDEX(Components!$D$2:$D$17,MATCH(E32,Components!$A$2:$A$17,0)))+IF(G32="",0,H32*INDEX(Components!$D$2:$D$17,MATCH(G32,Components!$A$2:$A$17,0)))+IF(I32="",0,J32*INDEX(Components!$D$2:$D$17,MATCH(I32,Components!$A$2:$A$17,0)))) | N32: =MIN(15.76,IF(E32="",99,INDEX(Components!$E$2:$E$17,MATCH(E32,Components!$A$2:$A$17,0))),IF(G32="",99,INDEX(Components!$E$2:$E$17,MATCH(G32,Components!$A$2:$A$17,0))),IF(I32="",99,INDEX(Components!$E$2:$E$17,MATCH(I32,Components!$A$2:$A$17,0)))) | O32: =IF(N32<11.55,"4s, 4p and higher",IF(N32<12.91,"4p and higher",IF(N32<13.85,"3d/5s and higher",IF(N32<15.76,"high Rydberg only","none")))) | P32: =IF(E32="",0,IF(INDEX(Components!$F$2:$F$17,MATCH(E32,Components!$A$2:$A$17,0))>0,F32,0))+IF(G32="",0,IF(INDEX(Components!$F$2:$F$17,MATCH(G32,Components!$A$2:$A$17,0))>0,H32,0))+IF(I32="",0,IF(INDEX(Components!$F$2:$F$17,MATCH(I32,Components!$A$2:$A$17,0))>0,J32,0)) | Q32: H, C, N | R32: none: bracket r | S32: =IF(C32="A",'Run grid'!$B$4,IF(C32="B",'Run grid'!$B$6,'Run grid'!$B$8)) | T32: =S32*'Run grid'!$B$22 | U32: Strongest Penning donor | V32: Toxic, reactive
A33: B29 | B33: Ar:C2H2 | C33: C | D33: Ar:C2H2 99:1 | E33: c2h2 | F33: 1 | K33: =100-F33-H33-J33 | L33: =(K33*INDEX(Components!$D$2:$D$17,MATCH("ar",Components!$A$2:$A$17,0))+IF(E33="",0,F33*INDEX(Components!$D$2:$D$17,MATCH(E33,Components!$A$2:$A$17,0)))+IF(G33="",0,H33*INDEX(Components!$D$2:$D$17,MATCH(G33,Components!$A$2:$A$17,0)))+IF(I33="",0,J33*INDEX(Components!$D$2:$D$17,MATCH(I33,Components!$A$2:$A$17,0))))/100 | M33: =K33*INDEX(Components!$D$2:$D$17,MATCH("ar",Components!$A$2:$A$17,0))/(K33*INDEX(Components!$D$2:$D$17,MATCH("ar",Components!$A$2:$A$17,0))+IF(E33="",0,F33*INDEX(Components!$D$2:$D$17,MATCH(E33,Components!$A$2:$A$17,0)))+IF(G33="",0,H33*INDEX(Components!$D$2:$D$17,MATCH(G33,Components!$A$2:$A$17,0)))+IF(I33="",0,J33*INDEX(Components!$D$2:$D$17,MATCH(I33,Components!$A$2:$A$17,0)))) | N33: =MIN(15.76,IF(E33="",99,INDEX(Components!$E$2:$E$17,MATCH(E33,Components!$A$2:$A$17,0))),IF(G33="",99,INDEX(Components!$E$2:$E$17,MATCH(G33,Components!$A$2:$A$17,0))),IF(I33="",99,INDEX(Components!$E$2:$E$17,MATCH(I33,Components!$A$2:$A$17,0)))) | O33: =IF(N33<11.55,"4s, 4p and higher",IF(N33<12.91,"4p and higher",IF(N33<13.85,"3d/5s and higher",IF(N33<15.76,"high Rydberg only","none")))) | P33: =IF(E33="",0,IF(INDEX(Components!$F$2:$F$17,MATCH(E33,Components!$A$2:$A$17,0))>0,F33,0))+IF(G33="",0,IF(INDEX(Components!$F$2:$F$17,MATCH(G33,Components!$A$2:$A$17,0))>0,H33,0))+IF(I33="",0,IF(INDEX(Components!$F$2:$F$17,MATCH(I33,Components!$A$2:$A$17,0))>0,J33,0)) | Q33: H, C | R33: auto: 0.72 (cylindrical counters) | S33: =IF(C33="A",'Run grid'!$B$4,IF(C33="B",'Run grid'!$B$6,'Run grid'!$B$8)) | T33: =S33*'Run grid'!$B$22 | U33: Published high r (0.72) | V33: Partial pressure 0.1 bar at 10 bar; decomposition hazard | W33: Sahin 2010 (r)
A34: B30 | B34: Ar:C2H2 | C34: C | D34: Ar:C2H2 98:2 | E34: c2h2 | F34: 2 | K34: =100-F34-H34-J34 | L34: =(K34*INDEX(Components!$D$2:$D$17,MATCH("ar",Components!$A$2:$A$17,0))+IF(E34="",0,F34*INDEX(Components!$D$2:$D$17,MATCH(E34,Components!$A$2:$A$17,0)))+IF(G34="",0,H34*INDEX(Components!$D$2:$D$17,MATCH(G34,Components!$A$2:$A$17,0)))+IF(I34="",0,J34*INDEX(Components!$D$2:$D$17,MATCH(I34,Components!$A$2:$A$17,0))))/100 | M34: =K34*INDEX(Components!$D$2:$D$17,MATCH("ar",Components!$A$2:$A$17,0))/(K34*INDEX(Components!$D$2:$D$17,MATCH("ar",Components!$A$2:$A$17,0))+IF(E34="",0,F34*INDEX(Components!$D$2:$D$17,MATCH(E34,Components!$A$2:$A$17,0)))+IF(G34="",0,H34*INDEX(Components!$D$2:$D$17,MATCH(G34,Components!$A$2:$A$17,0)))+IF(I34="",0,J34*INDEX(Components!$D$2:$D$17,MATCH(I34,Components!$A$2:$A$17,0)))) | N34: =MIN(15.76,IF(E34="",99,INDEX(Components!$E$2:$E$17,MATCH(E34,Components!$A$2:$A$17,0))),IF(G34="",99,INDEX(Components!$E$2:$E$17,MATCH(G34,Components!$A$2:$A$17,0))),IF(I34="",99,INDEX(Components!$E$2:$E$17,MATCH(I34,Components!$A$2:$A$17,0)))) | O34: =IF(N34<11.55,"4s, 4p and higher",IF(N34<12.91,"4p and higher",IF(N34<13.85,"3d/5s and higher",IF(N34<15.76,"high Rydberg only","none")))) | P34: =IF(E34="",0,IF(INDEX(Components!$F$2:$F$17,MATCH(E34,Components!$A$2:$A$17,0))>0,F34,0))+IF(G34="",0,IF(INDEX(Components!$F$2:$F$17,MATCH(G34,Components!$A$2:$A$17,0))>0,H34,0))+IF(I34="",0,IF(INDEX(Components!$F$2:$F$17,MATCH(I34,Components!$A$2:$A$17,0))>0,J34,0)) | Q34: H, C | R34: auto: 0.72 (cylindrical counters) | S34: =IF(C34="A",'Run grid'!$B$4,IF(C34="B",'Run grid'!$B$6,'Run grid'!$B$8)) | T34: =S34*'Run grid'!$B$22 | U34: Published high r (0.72) | V34: Partial pressure 0.2 bar at 10 bar; decomposition hazard
A35: B31 | B35: Ar:N2 | C35: C | D35: Ar:N2 95:5 | E35: n2 | F35: 5 | K35: =100-F35-H35-J35 | L35: =(K35*INDEX(Components!$D$2:$D$17,MATCH("ar",Components!$A$2:$A$17,0))+IF(E35="",0,F35*INDEX(Components!$D$2:$D$17,MATCH(E35,Components!$A$2:$A$17,0)))+IF(G35="",0,H35*INDEX(Components!$D$2:$D$17,MATCH(G35,Components!$A$2:$A$17,0)))+IF(I35="",0,J35*INDEX(Components!$D$2:$D$17,MATCH(I35,Components!$A$2:$A$17,0))))/100 | M35: =K35*INDEX(Components!$D$2:$D$17,MATCH("ar",Components!$A$2:$A$17,0))/(K35*INDEX(Components!$D$2:$D$17,MATCH("ar",Components!$A$2:$A$17,0))+IF(E35="",0,F35*INDEX(Components!$D$2:$D$17,MATCH(E35,Components!$A$2:$A$17,0)))+IF(G35="",0,H35*INDEX(Components!$D$2:$D$17,MATCH(G35,Components!$A$2:$A$17,0)))+IF(I35="",0,J35*INDEX(Components!$D$2:$D$17,MATCH(I35,Components!$A$2:$A$17,0)))) | N35: =MIN(15.76,IF(E35="",99,INDEX(Components!$E$2:$E$17,MATCH(E35,Components!$A$2:$A$17,0))),IF(G35="",99,INDEX(Components!$E$2:$E$17,MATCH(G35,Components!$A$2:$A$17,0))),IF(I35="",99,INDEX(Components!$E$2:$E$17,MATCH(I35,Components!$A$2:$A$17,0)))) | O35: =IF(N35<11.55,"4s, 4p and higher",IF(N35<12.91,"4p and higher",IF(N35<13.85,"3d/5s and higher",IF(N35<15.76,"high Rydberg only","none")))) | P35: =IF(E35="",0,IF(INDEX(Components!$F$2:$F$17,MATCH(E35,Components!$A$2:$A$17,0))>0,F35,0))+IF(G35="",0,IF(INDEX(Components!$F$2:$F$17,MATCH(G35,Components!$A$2:$A$17,0))>0,H35,0))+IF(I35="",0,IF(INDEX(Components!$F$2:$F$17,MATCH(I35,Components!$A$2:$A$17,0))>0,J35,0)) | Q35: N | R35: none: bracket r | S35: =IF(C35="A",'Run grid'!$B$4,IF(C35="B",'Run grid'!$B$6,'Run grid'!$B$8)) | T35: =S35*'Run grid'!$B$22 | U35: Reference: molecular gas without Penning | V35: Poor quencher
A36: B32 | B36: Ar:N2 | C36: C | D36: Ar:N2 90:10 | E36: n2 | F36: 10 | K36: =100-F36-H36-J36 | L36: =(K36*INDEX(Components!$D$2:$D$17,MATCH("ar",Components!$A$2:$A$17,0))+IF(E36="",0,F36*INDEX(Components!$D$2:$D$17,MATCH(E36,Components!$A$2:$A$17,0)))+IF(G36="",0,H36*INDEX(Components!$D$2:$D$17,MATCH(G36,Components!$A$2:$A$17,0)))+IF(I36="",0,J36*INDEX(Components!$D$2:$D$17,MATCH(I36,Components!$A$2:$A$17,0))))/100 | M36: =K36*INDEX(Components!$D$2:$D$17,MATCH("ar",Components!$A$2:$A$17,0))/(K36*INDEX(Components!$D$2:$D$17,MATCH("ar",Components!$A$2:$A$17,0))+IF(E36="",0,F36*INDEX(Components!$D$2:$D$17,MATCH(E36,Components!$A$2:$A$17,0)))+IF(G36="",0,H36*INDEX(Components!$D$2:$D$17,MATCH(G36,Components!$A$2:$A$17,0)))+IF(I36="",0,J36*INDEX(Components!$D$2:$D$17,MATCH(I36,Components!$A$2:$A$17,0)))) | N36: =MIN(15.76,IF(E36="",99,INDEX(Components!$E$2:$E$17,MATCH(E36,Components!$A$2:$A$17,0))),IF(G36="",99,INDEX(Components!$E$2:$E$17,MATCH(G36,Components!$A$2:$A$17,0))),IF(I36="",99,INDEX(Components!$E$2:$E$17,MATCH(I36,Components!$A$2:$A$17,0)))) | O36: =IF(N36<11.55,"4s, 4p and higher",IF(N36<12.91,"4p and higher",IF(N36<13.85,"3d/5s and higher",IF(N36<15.76,"high Rydberg only","none")))) | P36: =IF(E36="",0,IF(INDEX(Components!$F$2:$F$17,MATCH(E36,Components!$A$2:$A$17,0))>0,F36,0))+IF(G36="",0,IF(INDEX(Components!$F$2:$F$17,MATCH(G36,Components!$A$2:$A$17,0))>0,H36,0))+IF(I36="",0,IF(INDEX(Components!$F$2:$F$17,MATCH(I36,Components!$A$2:$A$17,0))>0,J36,0)) | Q36: N | R36: none: bracket r | S36: =IF(C36="A",'Run grid'!$B$4,IF(C36="B",'Run grid'!$B$6,'Run grid'!$B$8)) | T36: =S36*'Run grid'!$B$22 | U36: Reference: molecular gas without Penning | V36: Poor quencher
A37: B33 | B37: Ar:H2 | C37: C | D37: Ar:H2 98:2 | E37: h2 | F37: 2 | K37: =100-F37-H37-J37 | L37: =(K37*INDEX(Components!$D$2:$D$17,MATCH("ar",Components!$A$2:$A$17,0))+IF(E37="",0,F37*INDEX(Components!$D$2:$D$17,MATCH(E37,Components!$A$2:$A$17,0)))+IF(G37="",0,H37*INDEX(Components!$D$2:$D$17,MATCH(G37,Components!$A$2:$A$17,0)))+IF(I37="",0,J37*INDEX(Components!$D$2:$D$17,MATCH(I37,Components!$A$2:$A$17,0))))/100 | M37: =K37*INDEX(Components!$D$2:$D$17,MATCH("ar",Components!$A$2:$A$17,0))/(K37*INDEX(Components!$D$2:$D$17,MATCH("ar",Components!$A$2:$A$17,0))+IF(E37="",0,F37*INDEX(Components!$D$2:$D$17,MATCH(E37,Components!$A$2:$A$17,0)))+IF(G37="",0,H37*INDEX(Components!$D$2:$D$17,MATCH(G37,Components!$A$2:$A$17,0)))+IF(I37="",0,J37*INDEX(Components!$D$2:$D$17,MATCH(I37,Components!$A$2:$A$17,0)))) | N37: =MIN(15.76,IF(E37="",99,INDEX(Components!$E$2:$E$17,MATCH(E37,Components!$A$2:$A$17,0))),IF(G37="",99,INDEX(Components!$E$2:$E$17,MATCH(G37,Components!$A$2:$A$17,0))),IF(I37="",99,INDEX(Components!$E$2:$E$17,MATCH(I37,Components!$A$2:$A$17,0)))) | O37: =IF(N37<11.55,"4s, 4p and higher",IF(N37<12.91,"4p and higher",IF(N37<13.85,"3d/5s and higher",IF(N37<15.76,"high Rydberg only","none")))) | P37: =IF(E37="",0,IF(INDEX(Components!$F$2:$F$17,MATCH(E37,Components!$A$2:$A$17,0))>0,F37,0))+IF(G37="",0,IF(INDEX(Components!$F$2:$F$17,MATCH(G37,Components!$A$2:$A$17,0))>0,H37,0))+IF(I37="",0,IF(INDEX(Components!$F$2:$F$17,MATCH(I37,Components!$A$2:$A$17,0))>0,J37,0)) | Q37: H | R37: none: bracket r | S37: =IF(C37="A",'Run grid'!$B$4,IF(C37="B",'Run grid'!$B$6,'Run grid'!$B$8)) | T37: =S37*'Run grid'!$B$22 | U37: Free-proton target; no Penning | V37: Poor quencher; flammable
A38: B34 | B38: Ar:H2 | C38: C | D38: Ar:H2 95:5 | E38: h2 | F38: 5 | K38: =100-F38-H38-J38 | L38: =(K38*INDEX(Components!$D$2:$D$17,MATCH("ar",Components!$A$2:$A$17,0))+IF(E38="",0,F38*INDEX(Components!$D$2:$D$17,MATCH(E38,Components!$A$2:$A$17,0)))+IF(G38="",0,H38*INDEX(Components!$D$2:$D$17,MATCH(G38,Components!$A$2:$A$17,0)))+IF(I38="",0,J38*INDEX(Components!$D$2:$D$17,MATCH(I38,Components!$A$2:$A$17,0))))/100 | M38: =K38*INDEX(Components!$D$2:$D$17,MATCH("ar",Components!$A$2:$A$17,0))/(K38*INDEX(Components!$D$2:$D$17,MATCH("ar",Components!$A$2:$A$17,0))+IF(E38="",0,F38*INDEX(Components!$D$2:$D$17,MATCH(E38,Components!$A$2:$A$17,0)))+IF(G38="",0,H38*INDEX(Components!$D$2:$D$17,MATCH(G38,Components!$A$2:$A$17,0)))+IF(I38="",0,J38*INDEX(Components!$D$2:$D$17,MATCH(I38,Components!$A$2:$A$17,0)))) | N38: =MIN(15.76,IF(E38="",99,INDEX(Components!$E$2:$E$17,MATCH(E38,Components!$A$2:$A$17,0))),IF(G38="",99,INDEX(Components!$E$2:$E$17,MATCH(G38,Components!$A$2:$A$17,0))),IF(I38="",99,INDEX(Components!$E$2:$E$17,MATCH(I38,Components!$A$2:$A$17,0)))) | O38: =IF(N38<11.55,"4s, 4p and higher",IF(N38<12.91,"4p and higher",IF(N38<13.85,"3d/5s and higher",IF(N38<15.76,"high Rydberg only","none")))) | P38: =IF(E38="",0,IF(INDEX(Components!$F$2:$F$17,MATCH(E38,Components!$A$2:$A$17,0))>0,F38,0))+IF(G38="",0,IF(INDEX(Components!$F$2:$F$17,MATCH(G38,Components!$A$2:$A$17,0))>0,H38,0))+IF(I38="",0,IF(INDEX(Components!$F$2:$F$17,MATCH(I38,Components!$A$2:$A$17,0))>0,J38,0)) | Q38: H | R38: none: bracket r | S38: =IF(C38="A",'Run grid'!$B$4,IF(C38="B",'Run grid'!$B$6,'Run grid'!$B$8)) | T38: =S38*'Run grid'!$B$22 | U38: Free-proton target; no Penning | V38: Poor quencher; flammable
A39: N01 | B39: Ar:Ne:CH4 | C39: A | D39: Ar:Ne:CH4 90:5:5 | E39: ne | F39: 5 | G39: ch4 | H39: 5 | K39: =100-F39-H39-J39 | L39: =(K39*INDEX(Components!$D$2:$D$17,MATCH("ar",Components!$A$2:$A$17,0))+IF(E39="",0,F39*INDEX(Components!$D$2:$D$17,MATCH(E39,Components!$A$2:$A$17,0)))+IF(G39="",0,H39*INDEX(Components!$D$2:$D$17,MATCH(G39,Components!$A$2:$A$17,0)))+IF(I39="",0,J39*INDEX(Components!$D$2:$D$17,MATCH(I39,Components!$A$2:$A$17,0))))/100 | M39: =K39*INDEX(Components!$D$2:$D$17,MATCH("ar",Components!$A$2:$A$17,0))/(K39*INDEX(Components!$D$2:$D$17,MATCH("ar",Components!$A$2:$A$17,0))+IF(E39="",0,F39*INDEX(Components!$D$2:$D$17,MATCH(E39,Components!$A$2:$A$17,0)))+IF(G39="",0,H39*INDEX(Components!$D$2:$D$17,MATCH(G39,Components!$A$2:$A$17,0)))+IF(I39="",0,J39*INDEX(Components!$D$2:$D$17,MATCH(I39,Components!$A$2:$A$17,0)))) | N39: =MIN(15.76,IF(E39="",99,INDEX(Components!$E$2:$E$17,MATCH(E39,Components!$A$2:$A$17,0))),IF(G39="",99,INDEX(Components!$E$2:$E$17,MATCH(G39,Components!$A$2:$A$17,0))),IF(I39="",99,INDEX(Components!$E$2:$E$17,MATCH(I39,Components!$A$2:$A$17,0)))) | O39: =IF(N39<11.55,"4s, 4p and higher",IF(N39<12.91,"4p and higher",IF(N39<13.85,"3d/5s and higher",IF(N39<15.76,"high Rydberg only","none")))) | P39: =IF(E39="",0,IF(INDEX(Components!$F$2:$F$17,MATCH(E39,Components!$A$2:$A$17,0))>0,F39,0))+IF(G39="",0,IF(INDEX(Components!$F$2:$F$17,MATCH(G39,Components!$A$2:$A$17,0))>0,H39,0))+IF(I39="",0,IF(INDEX(Components!$F$2:$F$17,MATCH(I39,Components!$A$2:$A$17,0))>0,J39,0)) | Q39: Ne, H, C | R39: none for ternaries: bracket r | S39: =IF(C39="A",'Run grid'!$B$4,IF(C39="B",'Run grid'!$B$6,'Run grid'!$B$8)) | T39: =S39*'Run grid'!$B$22 | U39: Does Ne raise alpha? Compare B03 (95:5) and B05 (90:10)
A40: N02 | B40: Ar:He:CH4 | C40: A | D40: Ar:He:CH4 90:5:5 | E40: he | F40: 5 | G40: ch4 | H40: 5 | K40: =100-F40-H40-J40 | L40: =(K40*INDEX(Components!$D$2:$D$17,MATCH("ar",Components!$A$2:$A$17,0))+IF(E40="",0,F40*INDEX(Components!$D$2:$D$17,MATCH(E40,Components!$A$2:$A$17,0)))+IF(G40="",0,H40*INDEX(Components!$D$2:$D$17,MATCH(G40,Components!$A$2:$A$17,0)))+IF(I40="",0,J40*INDEX(Components!$D$2:$D$17,MATCH(I40,Components!$A$2:$A$17,0))))/100 | M40: =K40*INDEX(Components!$D$2:$D$17,MATCH("ar",Components!$A$2:$A$17,0))/(K40*INDEX(Components!$D$2:$D$17,MATCH("ar",Components!$A$2:$A$17,0))+IF(E40="",0,F40*INDEX(Components!$D$2:$D$17,MATCH(E40,Components!$A$2:$A$17,0)))+IF(G40="",0,H40*INDEX(Components!$D$2:$D$17,MATCH(G40,Components!$A$2:$A$17,0)))+IF(I40="",0,J40*INDEX(Components!$D$2:$D$17,MATCH(I40,Components!$A$2:$A$17,0)))) | N40: =MIN(15.76,IF(E40="",99,INDEX(Components!$E$2:$E$17,MATCH(E40,Components!$A$2:$A$17,0))),IF(G40="",99,INDEX(Components!$E$2:$E$17,MATCH(G40,Components!$A$2:$A$17,0))),IF(I40="",99,INDEX(Components!$E$2:$E$17,MATCH(I40,Components!$A$2:$A$17,0)))) | O40: =IF(N40<11.55,"4s, 4p and higher",IF(N40<12.91,"4p and higher",IF(N40<13.85,"3d/5s and higher",IF(N40<15.76,"high Rydberg only","none")))) | P40: =IF(E40="",0,IF(INDEX(Components!$F$2:$F$17,MATCH(E40,Components!$A$2:$A$17,0))>0,F40,0))+IF(G40="",0,IF(INDEX(Components!$F$2:$F$17,MATCH(G40,Components!$A$2:$A$17,0))>0,H40,0))+IF(I40="",0,IF(INDEX(Components!$F$2:$F$17,MATCH(I40,Components!$A$2:$A$17,0))>0,J40,0)) | Q40: He, H, C | R40: none for ternaries: bracket r | S40: =IF(C40="A",'Run grid'!$B$4,IF(C40="B",'Run grid'!$B$6,'Run grid'!$B$8)) | T40: =S40*'Run grid'!$B$22 | U40: Does He raise alpha? Compare B03 and B05
A41: N03 | B41: Ar:Ne:CH4 | C41: B | D41: Ar:Ne:CH4 92:5:3 | E41: ne | F41: 5 | G41: ch4 | H41: 3 | K41: =100-F41-H41-J41 | L41: =(K41*INDEX(Components!$D$2:$D$17,MATCH("ar",Components!$A$2:$A$17,0))+IF(E41="",0,F41*INDEX(Components!$D$2:$D$17,MATCH(E41,Components!$A$2:$A$17,0)))+IF(G41="",0,H41*INDEX(Components!$D$2:$D$17,MATCH(G41,Components!$A$2:$A$17,0)))+IF(I41="",0,J41*INDEX(Components!$D$2:$D$17,MATCH(I41,Components!$A$2:$A$17,0))))/100 | M41: =K41*INDEX(Components!$D$2:$D$17,MATCH("ar",Components!$A$2:$A$17,0))/(K41*INDEX(Components!$D$2:$D$17,MATCH("ar",Components!$A$2:$A$17,0))+IF(E41="",0,F41*INDEX(Components!$D$2:$D$17,MATCH(E41,Components!$A$2:$A$17,0)))+IF(G41="",0,H41*INDEX(Components!$D$2:$D$17,MATCH(G41,Components!$A$2:$A$17,0)))+IF(I41="",0,J41*INDEX(Components!$D$2:$D$17,MATCH(I41,Components!$A$2:$A$17,0)))) | N41: =MIN(15.76,IF(E41="",99,INDEX(Components!$E$2:$E$17,MATCH(E41,Components!$A$2:$A$17,0))),IF(G41="",99,INDEX(Components!$E$2:$E$17,MATCH(G41,Components!$A$2:$A$17,0))),IF(I41="",99,INDEX(Components!$E$2:$E$17,MATCH(I41,Components!$A$2:$A$17,0)))) | O41: =IF(N41<11.55,"4s, 4p and higher",IF(N41<12.91,"4p and higher",IF(N41<13.85,"3d/5s and higher",IF(N41<15.76,"high Rydberg only","none")))) | P41: =IF(E41="",0,IF(INDEX(Components!$F$2:$F$17,MATCH(E41,Components!$A$2:$A$17,0))>0,F41,0))+IF(G41="",0,IF(INDEX(Components!$F$2:$F$17,MATCH(G41,Components!$A$2:$A$17,0))>0,H41,0))+IF(I41="",0,IF(INDEX(Components!$F$2:$F$17,MATCH(I41,Components!$A$2:$A$17,0))>0,J41,0)) | Q41: Ne, H, C | R41: none for ternaries: bracket r | S41: =IF(C41="A",'Run grid'!$B$4,IF(C41="B",'Run grid'!$B$6,'Run grid'!$B$8)) | T41: =S41*'Run grid'!$B$22 | U41: Ne with less quencher
A42: N04 | B42: Ar:He:CH4 | C42: C | D42: Ar:He:CH4 92:5:3 | E42: he | F42: 5 | G42: ch4 | H42: 3 | K42: =100-F42-H42-J42 | L42: =(K42*INDEX(Components!$D$2:$D$17,MATCH("ar",Components!$A$2:$A$17,0))+IF(E42="",0,F42*INDEX(Components!$D$2:$D$17,MATCH(E42,Components!$A$2:$A$17,0)))+IF(G42="",0,H42*INDEX(Components!$D$2:$D$17,MATCH(G42,Components!$A$2:$A$17,0)))+IF(I42="",0,J42*INDEX(Components!$D$2:$D$17,MATCH(I42,Components!$A$2:$A$17,0))))/100 | M42: =K42*INDEX(Components!$D$2:$D$17,MATCH("ar",Components!$A$2:$A$17,0))/(K42*INDEX(Components!$D$2:$D$17,MATCH("ar",Components!$A$2:$A$17,0))+IF(E42="",0,F42*INDEX(Components!$D$2:$D$17,MATCH(E42,Components!$A$2:$A$17,0)))+IF(G42="",0,H42*INDEX(Components!$D$2:$D$17,MATCH(G42,Components!$A$2:$A$17,0)))+IF(I42="",0,J42*INDEX(Components!$D$2:$D$17,MATCH(I42,Components!$A$2:$A$17,0)))) | N42: =MIN(15.76,IF(E42="",99,INDEX(Components!$E$2:$E$17,MATCH(E42,Components!$A$2:$A$17,0))),IF(G42="",99,INDEX(Components!$E$2:$E$17,MATCH(G42,Components!$A$2:$A$17,0))),IF(I42="",99,INDEX(Components!$E$2:$E$17,MATCH(I42,Components!$A$2:$A$17,0)))) | O42: =IF(N42<11.55,"4s, 4p and higher",IF(N42<12.91,"4p and higher",IF(N42<13.85,"3d/5s and higher",IF(N42<15.76,"high Rydberg only","none")))) | P42: =IF(E42="",0,IF(INDEX(Components!$F$2:$F$17,MATCH(E42,Components!$A$2:$A$17,0))>0,F42,0))+IF(G42="",0,IF(INDEX(Components!$F$2:$F$17,MATCH(G42,Components!$A$2:$A$17,0))>0,H42,0))+IF(I42="",0,IF(INDEX(Components!$F$2:$F$17,MATCH(I42,Components!$A$2:$A$17,0))>0,J42,0)) | Q42: He, H, C | R42: none for ternaries: bracket r | S42: =IF(C42="A",'Run grid'!$B$4,IF(C42="B",'Run grid'!$B$6,'Run grid'!$B$8)) | T42: =S42*'Run grid'!$B$22 | U42: He with less quencher
A43: N05 | B43: Ar:Ne:CO2 | C43: B | D43: Ar:Ne:CO2 90:5:5 | E43: ne | F43: 5 | G43: co2 | H43: 5 | K43: =100-F43-H43-J43 | L43: =(K43*INDEX(Components!$D$2:$D$17,MATCH("ar",Components!$A$2:$A$17,0))+IF(E43="",0,F43*INDEX(Components!$D$2:$D$17,MATCH(E43,Components!$A$2:$A$17,0)))+IF(G43="",0,H43*INDEX(Components!$D$2:$D$17,MATCH(G43,Components!$A$2:$A$17,0)))+IF(I43="",0,J43*INDEX(Components!$D$2:$D$17,MATCH(I43,Components!$A$2:$A$17,0))))/100 | M43: =K43*INDEX(Components!$D$2:$D$17,MATCH("ar",Components!$A$2:$A$17,0))/(K43*INDEX(Components!$D$2:$D$17,MATCH("ar",Components!$A$2:$A$17,0))+IF(E43="",0,F43*INDEX(Components!$D$2:$D$17,MATCH(E43,Components!$A$2:$A$17,0)))+IF(G43="",0,H43*INDEX(Components!$D$2:$D$17,MATCH(G43,Components!$A$2:$A$17,0)))+IF(I43="",0,J43*INDEX(Components!$D$2:$D$17,MATCH(I43,Components!$A$2:$A$17,0)))) | N43: =MIN(15.76,IF(E43="",99,INDEX(Components!$E$2:$E$17,MATCH(E43,Components!$A$2:$A$17,0))),IF(G43="",99,INDEX(Components!$E$2:$E$17,MATCH(G43,Components!$A$2:$A$17,0))),IF(I43="",99,INDEX(Components!$E$2:$E$17,MATCH(I43,Components!$A$2:$A$17,0)))) | O43: =IF(N43<11.55,"4s, 4p and higher",IF(N43<12.91,"4p and higher",IF(N43<13.85,"3d/5s and higher",IF(N43<15.76,"high Rydberg only","none")))) | P43: =IF(E43="",0,IF(INDEX(Components!$F$2:$F$17,MATCH(E43,Components!$A$2:$A$17,0))>0,F43,0))+IF(G43="",0,IF(INDEX(Components!$F$2:$F$17,MATCH(G43,Components!$A$2:$A$17,0))>0,H43,0))+IF(I43="",0,IF(INDEX(Components!$F$2:$F$17,MATCH(I43,Components!$A$2:$A$17,0))>0,J43,0)) | Q43: Ne, C, O | R43: none for ternaries: bracket r | S43: =IF(C43="A",'Run grid'!$B$4,IF(C43="B",'Run grid'!$B$6,'Run grid'!$B$8)) | T43: =S43*'Run grid'!$B$22 | U43: Ne in the low-diffusion family
A44: N06 | B44: Ar:He:CO2 | C44: B | D44: Ar:He:CO2 90:5:5 | E44: he | F44: 5 | G44: co2 | H44: 5 | K44: =100-F44-H44-J44 | L44: =(K44*INDEX(Components!$D$2:$D$17,MATCH("ar",Components!$A$2:$A$17,0))+IF(E44="",0,F44*INDEX(Components!$D$2:$D$17,MATCH(E44,Components!$A$2:$A$17,0)))+IF(G44="",0,H44*INDEX(Components!$D$2:$D$17,MATCH(G44,Components!$A$2:$A$17,0)))+IF(I44="",0,J44*INDEX(Components!$D$2:$D$17,MATCH(I44,Components!$A$2:$A$17,0))))/100 | M44: =K44*INDEX(Components!$D$2:$D$17,MATCH("ar",Components!$A$2:$A$17,0))/(K44*INDEX(Components!$D$2:$D$17,MATCH("ar",Components!$A$2:$A$17,0))+IF(E44="",0,F44*INDEX(Components!$D$2:$D$17,MATCH(E44,Components!$A$2:$A$17,0)))+IF(G44="",0,H44*INDEX(Components!$D$2:$D$17,MATCH(G44,Components!$A$2:$A$17,0)))+IF(I44="",0,J44*INDEX(Components!$D$2:$D$17,MATCH(I44,Components!$A$2:$A$17,0)))) | N44: =MIN(15.76,IF(E44="",99,INDEX(Components!$E$2:$E$17,MATCH(E44,Components!$A$2:$A$17,0))),IF(G44="",99,INDEX(Components!$E$2:$E$17,MATCH(G44,Components!$A$2:$A$17,0))),IF(I44="",99,INDEX(Components!$E$2:$E$17,MATCH(I44,Components!$A$2:$A$17,0)))) | O44: =IF(N44<11.55,"4s, 4p and higher",IF(N44<12.91,"4p and higher",IF(N44<13.85,"3d/5s and higher",IF(N44<15.76,"high Rydberg only","none")))) | P44: =IF(E44="",0,IF(INDEX(Components!$F$2:$F$17,MATCH(E44,Components!$A$2:$A$17,0))>0,F44,0))+IF(G44="",0,IF(INDEX(Components!$F$2:$F$17,MATCH(G44,Components!$A$2:$A$17,0))>0,H44,0))+IF(I44="",0,IF(INDEX(Components!$F$2:$F$17,MATCH(I44,Components!$A$2:$A$17,0))>0,J44,0)) | Q44: He, C, O | R44: none for ternaries: bracket r | S44: =IF(C44="A",'Run grid'!$B$4,IF(C44="B",'Run grid'!$B$6,'Run grid'!$B$8)) | T44: =S44*'Run grid'!$B$22 | U44: He in the low-diffusion family
A45: N07 | B45: Ar:Ne:CO2 | C45: C | D45: Ar:Ne:CO2 92:5:3 | E45: ne | F45: 5 | G45: co2 | H45: 3 | K45: =100-F45-H45-J45 | L45: =(K45*INDEX(Components!$D$2:$D$17,MATCH("ar",Components!$A$2:$A$17,0))+IF(E45="",0,F45*INDEX(Components!$D$2:$D$17,MATCH(E45,Components!$A$2:$A$17,0)))+IF(G45="",0,H45*INDEX(Components!$D$2:$D$17,MATCH(G45,Components!$A$2:$A$17,0)))+IF(I45="",0,J45*INDEX(Components!$D$2:$D$17,MATCH(I45,Components!$A$2:$A$17,0))))/100 | M45: =K45*INDEX(Components!$D$2:$D$17,MATCH("ar",Components!$A$2:$A$17,0))/(K45*INDEX(Components!$D$2:$D$17,MATCH("ar",Components!$A$2:$A$17,0))+IF(E45="",0,F45*INDEX(Components!$D$2:$D$17,MATCH(E45,Components!$A$2:$A$17,0)))+IF(G45="",0,H45*INDEX(Components!$D$2:$D$17,MATCH(G45,Components!$A$2:$A$17,0)))+IF(I45="",0,J45*INDEX(Components!$D$2:$D$17,MATCH(I45,Components!$A$2:$A$17,0)))) | N45: =MIN(15.76,IF(E45="",99,INDEX(Components!$E$2:$E$17,MATCH(E45,Components!$A$2:$A$17,0))),IF(G45="",99,INDEX(Components!$E$2:$E$17,MATCH(G45,Components!$A$2:$A$17,0))),IF(I45="",99,INDEX(Components!$E$2:$E$17,MATCH(I45,Components!$A$2:$A$17,0)))) | O45: =IF(N45<11.55,"4s, 4p and higher",IF(N45<12.91,"4p and higher",IF(N45<13.85,"3d/5s and higher",IF(N45<15.76,"high Rydberg only","none")))) | P45: =IF(E45="",0,IF(INDEX(Components!$F$2:$F$17,MATCH(E45,Components!$A$2:$A$17,0))>0,F45,0))+IF(G45="",0,IF(INDEX(Components!$F$2:$F$17,MATCH(G45,Components!$A$2:$A$17,0))>0,H45,0))+IF(I45="",0,IF(INDEX(Components!$F$2:$F$17,MATCH(I45,Components!$A$2:$A$17,0))>0,J45,0)) | Q45: Ne, C, O | R45: none for ternaries: bracket r | S45: =IF(C45="A",'Run grid'!$B$4,IF(C45="B",'Run grid'!$B$6,'Run grid'!$B$8)) | T45: =S45*'Run grid'!$B$22 | U45: Ne with less CO2
A46: N08 | B46: Ar:Ne:iC4H10 | C46: C | D46: Ar:Ne:iC4H10 93:5:2 | E46: ne | F46: 5 | G46: ic4h10 | H46: 2 | K46: =100-F46-H46-J46 | L46: =(K46*INDEX(Components!$D$2:$D$17,MATCH("ar",Components!$A$2:$A$17,0))+IF(E46="",0,F46*INDEX(Components!$D$2:$D$17,MATCH(E46,Components!$A$2:$A$17,0)))+IF(G46="",0,H46*INDEX(Components!$D$2:$D$17,MATCH(G46,Components!$A$2:$A$17,0)))+IF(I46="",0,J46*INDEX(Components!$D$2:$D$17,MATCH(I46,Components!$A$2:$A$17,0))))/100 | M46: =K46*INDEX(Components!$D$2:$D$17,MATCH("ar",Components!$A$2:$A$17,0))/(K46*INDEX(Components!$D$2:$D$17,MATCH("ar",Components!$A$2:$A$17,0))+IF(E46="",0,F46*INDEX(Components!$D$2:$D$17,MATCH(E46,Components!$A$2:$A$17,0)))+IF(G46="",0,H46*INDEX(Components!$D$2:$D$17,MATCH(G46,Components!$A$2:$A$17,0)))+IF(I46="",0,J46*INDEX(Components!$D$2:$D$17,MATCH(I46,Components!$A$2:$A$17,0)))) | N46: =MIN(15.76,IF(E46="",99,INDEX(Components!$E$2:$E$17,MATCH(E46,Components!$A$2:$A$17,0))),IF(G46="",99,INDEX(Components!$E$2:$E$17,MATCH(G46,Components!$A$2:$A$17,0))),IF(I46="",99,INDEX(Components!$E$2:$E$17,MATCH(I46,Components!$A$2:$A$17,0)))) | O46: =IF(N46<11.55,"4s, 4p and higher",IF(N46<12.91,"4p and higher",IF(N46<13.85,"3d/5s and higher",IF(N46<15.76,"high Rydberg only","none")))) | P46: =IF(E46="",0,IF(INDEX(Components!$F$2:$F$17,MATCH(E46,Components!$A$2:$A$17,0))>0,F46,0))+IF(G46="",0,IF(INDEX(Components!$F$2:$F$17,MATCH(G46,Components!$A$2:$A$17,0))>0,H46,0))+IF(I46="",0,IF(INDEX(Components!$F$2:$F$17,MATCH(I46,Components!$A$2:$A$17,0))>0,J46,0)) | Q46: Ne, H, C | R46: none for ternaries: bracket r | S46: =IF(C46="A",'Run grid'!$B$4,IF(C46="B",'Run grid'!$B$6,'Run grid'!$B$8)) | T46: =S46*'Run grid'!$B$22 | U46: Ne with a Penning donor | V46: Flammable
A47: N09 | B47: Ar:Ne:CH4 | C47: C | D47: Ar:Ne:CH4 90:7:3 | E47: ne | F47: 7 | G47: ch4 | H47: 3 | K47: =100-F47-H47-J47 | L47: =(K47*INDEX(Components!$D$2:$D$17,MATCH("ar",Components!$A$2:$A$17,0))+IF(E47="",0,F47*INDEX(Components!$D$2:$D$17,MATCH(E47,Components!$A$2:$A$17,0)))+IF(G47="",0,H47*INDEX(Components!$D$2:$D$17,MATCH(G47,Components!$A$2:$A$17,0)))+IF(I47="",0,J47*INDEX(Components!$D$2:$D$17,MATCH(I47,Components!$A$2:$A$17,0))))/100 | M47: =K47*INDEX(Components!$D$2:$D$17,MATCH("ar",Components!$A$2:$A$17,0))/(K47*INDEX(Components!$D$2:$D$17,MATCH("ar",Components!$A$2:$A$17,0))+IF(E47="",0,F47*INDEX(Components!$D$2:$D$17,MATCH(E47,Components!$A$2:$A$17,0)))+IF(G47="",0,H47*INDEX(Components!$D$2:$D$17,MATCH(G47,Components!$A$2:$A$17,0)))+IF(I47="",0,J47*INDEX(Components!$D$2:$D$17,MATCH(I47,Components!$A$2:$A$17,0)))) | N47: =MIN(15.76,IF(E47="",99,INDEX(Components!$E$2:$E$17,MATCH(E47,Components!$A$2:$A$17,0))),IF(G47="",99,INDEX(Components!$E$2:$E$17,MATCH(G47,Components!$A$2:$A$17,0))),IF(I47="",99,INDEX(Components!$E$2:$E$17,MATCH(I47,Components!$A$2:$A$17,0)))) | O47: =IF(N47<11.55,"4s, 4p and higher",IF(N47<12.91,"4p and higher",IF(N47<13.85,"3d/5s and higher",IF(N47<15.76,"high Rydberg only","none")))) | P47: =IF(E47="",0,IF(INDEX(Components!$F$2:$F$17,MATCH(E47,Components!$A$2:$A$17,0))>0,F47,0))+IF(G47="",0,IF(INDEX(Components!$F$2:$F$17,MATCH(G47,Components!$A$2:$A$17,0))>0,H47,0))+IF(I47="",0,IF(INDEX(Components!$F$2:$F$17,MATCH(I47,Components!$A$2:$A$17,0))>0,J47,0)) | Q47: Ne, H, C | R47: none for ternaries: bracket r | S47: =IF(C47="A",'Run grid'!$B$4,IF(C47="B",'Run grid'!$B$6,'Run grid'!$B$8)) | T47: =S47*'Run grid'!$B$22 | U47: Maximum Ne within 90 % Ar
A48: P01 | B48: Ar:CH4:iC4H10 | C48: A | D48: Ar:CH4:iC4H10 94:5:1 | E48: ch4 | F48: 5 | G48: ic4h10 | H48: 1 | K48: =100-F48-H48-J48 | L48: =(K48*INDEX(Components!$D$2:$D$17,MATCH("ar",Components!$A$2:$A$17,0))+IF(E48="",0,F48*INDEX(Components!$D$2:$D$17,MATCH(E48,Components!$A$2:$A$17,0)))+IF(G48="",0,H48*INDEX(Components!$D$2:$D$17,MATCH(G48,Components!$A$2:$A$17,0)))+IF(I48="",0,J48*INDEX(Components!$D$2:$D$17,MATCH(I48,Components!$A$2:$A$17,0))))/100 | M48: =K48*INDEX(Components!$D$2:$D$17,MATCH("ar",Components!$A$2:$A$17,0))/(K48*INDEX(Components!$D$2:$D$17,MATCH("ar",Components!$A$2:$A$17,0))+IF(E48="",0,F48*INDEX(Components!$D$2:$D$17,MATCH(E48,Components!$A$2:$A$17,0)))+IF(G48="",0,H48*INDEX(Components!$D$2:$D$17,MATCH(G48,Components!$A$2:$A$17,0)))+IF(I48="",0,J48*INDEX(Components!$D$2:$D$17,MATCH(I48,Components!$A$2:$A$17,0)))) | N48: =MIN(15.76,IF(E48="",99,INDEX(Components!$E$2:$E$17,MATCH(E48,Components!$A$2:$A$17,0))),IF(G48="",99,INDEX(Components!$E$2:$E$17,MATCH(G48,Components!$A$2:$A$17,0))),IF(I48="",99,INDEX(Components!$E$2:$E$17,MATCH(I48,Components!$A$2:$A$17,0)))) | O48: =IF(N48<11.55,"4s, 4p and higher",IF(N48<12.91,"4p and higher",IF(N48<13.85,"3d/5s and higher",IF(N48<15.76,"high Rydberg only","none")))) | P48: =IF(E48="",0,IF(INDEX(Components!$F$2:$F$17,MATCH(E48,Components!$A$2:$A$17,0))>0,F48,0))+IF(G48="",0,IF(INDEX(Components!$F$2:$F$17,MATCH(G48,Components!$A$2:$A$17,0))>0,H48,0))+IF(I48="",0,IF(INDEX(Components!$F$2:$F$17,MATCH(I48,Components!$A$2:$A$17,0))>0,J48,0)) | Q48: H, C | R48: none for ternaries: bracket r | S48: =IF(C48="A",'Run grid'!$B$4,IF(C48="B",'Run grid'!$B$6,'Run grid'!$B$8)) | T48: =S48*'Run grid'!$B$22 | U48: CH4 drift + donor for gain | V48: Flammable
A49: P02 | B49: Ar:CH4:iC4H10 | C49: A | D49: Ar:CH4:iC4H10 93:5:2 | E49: ch4 | F49: 5 | G49: ic4h10 | H49: 2 | K49: =100-F49-H49-J49 | L49: =(K49*INDEX(Components!$D$2:$D$17,MATCH("ar",Components!$A$2:$A$17,0))+IF(E49="",0,F49*INDEX(Components!$D$2:$D$17,MATCH(E49,Components!$A$2:$A$17,0)))+IF(G49="",0,H49*INDEX(Components!$D$2:$D$17,MATCH(G49,Components!$A$2:$A$17,0)))+IF(I49="",0,J49*INDEX(Components!$D$2:$D$17,MATCH(I49,Components!$A$2:$A$17,0))))/100 | M49: =K49*INDEX(Components!$D$2:$D$17,MATCH("ar",Components!$A$2:$A$17,0))/(K49*INDEX(Components!$D$2:$D$17,MATCH("ar",Components!$A$2:$A$17,0))+IF(E49="",0,F49*INDEX(Components!$D$2:$D$17,MATCH(E49,Components!$A$2:$A$17,0)))+IF(G49="",0,H49*INDEX(Components!$D$2:$D$17,MATCH(G49,Components!$A$2:$A$17,0)))+IF(I49="",0,J49*INDEX(Components!$D$2:$D$17,MATCH(I49,Components!$A$2:$A$17,0)))) | N49: =MIN(15.76,IF(E49="",99,INDEX(Components!$E$2:$E$17,MATCH(E49,Components!$A$2:$A$17,0))),IF(G49="",99,INDEX(Components!$E$2:$E$17,MATCH(G49,Components!$A$2:$A$17,0))),IF(I49="",99,INDEX(Components!$E$2:$E$17,MATCH(I49,Components!$A$2:$A$17,0)))) | O49: =IF(N49<11.55,"4s, 4p and higher",IF(N49<12.91,"4p and higher",IF(N49<13.85,"3d/5s and higher",IF(N49<15.76,"high Rydberg only","none")))) | P49: =IF(E49="",0,IF(INDEX(Components!$F$2:$F$17,MATCH(E49,Components!$A$2:$A$17,0))>0,F49,0))+IF(G49="",0,IF(INDEX(Components!$F$2:$F$17,MATCH(G49,Components!$A$2:$A$17,0))>0,H49,0))+IF(I49="",0,IF(INDEX(Components!$F$2:$F$17,MATCH(I49,Components!$A$2:$A$17,0))>0,J49,0)) | Q49: H, C | R49: none for ternaries: bracket r | S49: =IF(C49="A",'Run grid'!$B$4,IF(C49="B",'Run grid'!$B$6,'Run grid'!$B$8)) | T49: =S49*'Run grid'!$B$22 | U49: CH4 drift + donor for gain | V49: Flammable
A50: P03 | B50: Ar:CH4:iC4H10 | C50: B | D50: Ar:CH4:iC4H10 91:7:2 | E50: ch4 | F50: 7 | G50: ic4h10 | H50: 2 | K50: =100-F50-H50-J50 | L50: =(K50*INDEX(Components!$D$2:$D$17,MATCH("ar",Components!$A$2:$A$17,0))+IF(E50="",0,F50*INDEX(Components!$D$2:$D$17,MATCH(E50,Components!$A$2:$A$17,0)))+IF(G50="",0,H50*INDEX(Components!$D$2:$D$17,MATCH(G50,Components!$A$2:$A$17,0)))+IF(I50="",0,J50*INDEX(Components!$D$2:$D$17,MATCH(I50,Components!$A$2:$A$17,0))))/100 | M50: =K50*INDEX(Components!$D$2:$D$17,MATCH("ar",Components!$A$2:$A$17,0))/(K50*INDEX(Components!$D$2:$D$17,MATCH("ar",Components!$A$2:$A$17,0))+IF(E50="",0,F50*INDEX(Components!$D$2:$D$17,MATCH(E50,Components!$A$2:$A$17,0)))+IF(G50="",0,H50*INDEX(Components!$D$2:$D$17,MATCH(G50,Components!$A$2:$A$17,0)))+IF(I50="",0,J50*INDEX(Components!$D$2:$D$17,MATCH(I50,Components!$A$2:$A$17,0)))) | N50: =MIN(15.76,IF(E50="",99,INDEX(Components!$E$2:$E$17,MATCH(E50,Components!$A$2:$A$17,0))),IF(G50="",99,INDEX(Components!$E$2:$E$17,MATCH(G50,Components!$A$2:$A$17,0))),IF(I50="",99,INDEX(Components!$E$2:$E$17,MATCH(I50,Components!$A$2:$A$17,0)))) | O50: =IF(N50<11.55,"4s, 4p and higher",IF(N50<12.91,"4p and higher",IF(N50<13.85,"3d/5s and higher",IF(N50<15.76,"high Rydberg only","none")))) | P50: =IF(E50="",0,IF(INDEX(Components!$F$2:$F$17,MATCH(E50,Components!$A$2:$A$17,0))>0,F50,0))+IF(G50="",0,IF(INDEX(Components!$F$2:$F$17,MATCH(G50,Components!$A$2:$A$17,0))>0,H50,0))+IF(I50="",0,IF(INDEX(Components!$F$2:$F$17,MATCH(I50,Components!$A$2:$A$17,0))>0,J50,0)) | Q50: H, C | R50: none for ternaries: bracket r | S50: =IF(C50="A",'Run grid'!$B$4,IF(C50="B",'Run grid'!$B$6,'Run grid'!$B$8)) | T50: =S50*'Run grid'!$B$22 | U50: Donor at higher CH4 | V50: Flammable
A51: P04 | B51: Ar:CH4:iC4H10 | C51: B | D51: Ar:CH4:iC4H10 90:8:2 | E51: ch4 | F51: 8 | G51: ic4h10 | H51: 2 | K51: =100-F51-H51-J51 | L51: =(K51*INDEX(Components!$D$2:$D$17,MATCH("ar",Components!$A$2:$A$17,0))+IF(E51="",0,F51*INDEX(Components!$D$2:$D$17,MATCH(E51,Components!$A$2:$A$17,0)))+IF(G51="",0,H51*INDEX(Components!$D$2:$D$17,MATCH(G51,Components!$A$2:$A$17,0)))+IF(I51="",0,J51*INDEX(Components!$D$2:$D$17,MATCH(I51,Components!$A$2:$A$17,0))))/100 | M51: =K51*INDEX(Components!$D$2:$D$17,MATCH("ar",Components!$A$2:$A$17,0))/(K51*INDEX(Components!$D$2:$D$17,MATCH("ar",Components!$A$2:$A$17,0))+IF(E51="",0,F51*INDEX(Components!$D$2:$D$17,MATCH(E51,Components!$A$2:$A$17,0)))+IF(G51="",0,H51*INDEX(Components!$D$2:$D$17,MATCH(G51,Components!$A$2:$A$17,0)))+IF(I51="",0,J51*INDEX(Components!$D$2:$D$17,MATCH(I51,Components!$A$2:$A$17,0)))) | N51: =MIN(15.76,IF(E51="",99,INDEX(Components!$E$2:$E$17,MATCH(E51,Components!$A$2:$A$17,0))),IF(G51="",99,INDEX(Components!$E$2:$E$17,MATCH(G51,Components!$A$2:$A$17,0))),IF(I51="",99,INDEX(Components!$E$2:$E$17,MATCH(I51,Components!$A$2:$A$17,0)))) | O51: =IF(N51<11.55,"4s, 4p and higher",IF(N51<12.91,"4p and higher",IF(N51<13.85,"3d/5s and higher",IF(N51<15.76,"high Rydberg only","none")))) | P51: =IF(E51="",0,IF(INDEX(Components!$F$2:$F$17,MATCH(E51,Components!$A$2:$A$17,0))>0,F51,0))+IF(G51="",0,IF(INDEX(Components!$F$2:$F$17,MATCH(G51,Components!$A$2:$A$17,0))>0,H51,0))+IF(I51="",0,IF(INDEX(Components!$F$2:$F$17,MATCH(I51,Components!$A$2:$A$17,0))>0,J51,0)) | Q51: H, C | R51: none for ternaries: bracket r | S51: =IF(C51="A",'Run grid'!$B$4,IF(C51="B",'Run grid'!$B$6,'Run grid'!$B$8)) | T51: =S51*'Run grid'!$B$22 | U51: P10-like with donor | V51: Flammable
A52: P05 | B52: Ar:CH4:C2H6 | C52: B | D52: Ar:CH4:C2H6 92:5:3 | E52: ch4 | F52: 5 | G52: c2h6 | H52: 3 | K52: =100-F52-H52-J52 | L52: =(K52*INDEX(Components!$D$2:$D$17,MATCH("ar",Components!$A$2:$A$17,0))+IF(E52="",0,F52*INDEX(Components!$D$2:$D$17,MATCH(E52,Components!$A$2:$A$17,0)))+IF(G52="",0,H52*INDEX(Components!$D$2:$D$17,MATCH(G52,Components!$A$2:$A$17,0)))+IF(I52="",0,J52*INDEX(Components!$D$2:$D$17,MATCH(I52,Components!$A$2:$A$17,0))))/100 | M52: =K52*INDEX(Components!$D$2:$D$17,MATCH("ar",Components!$A$2:$A$17,0))/(K52*INDEX(Components!$D$2:$D$17,MATCH("ar",Components!$A$2:$A$17,0))+IF(E52="",0,F52*INDEX(Components!$D$2:$D$17,MATCH(E52,Components!$A$2:$A$17,0)))+IF(G52="",0,H52*INDEX(Components!$D$2:$D$17,MATCH(G52,Components!$A$2:$A$17,0)))+IF(I52="",0,J52*INDEX(Components!$D$2:$D$17,MATCH(I52,Components!$A$2:$A$17,0)))) | N52: =MIN(15.76,IF(E52="",99,INDEX(Components!$E$2:$E$17,MATCH(E52,Components!$A$2:$A$17,0))),IF(G52="",99,INDEX(Components!$E$2:$E$17,MATCH(G52,Components!$A$2:$A$17,0))),IF(I52="",99,INDEX(Components!$E$2:$E$17,MATCH(I52,Components!$A$2:$A$17,0)))) | O52: =IF(N52<11.55,"4s, 4p and higher",IF(N52<12.91,"4p and higher",IF(N52<13.85,"3d/5s and higher",IF(N52<15.76,"high Rydberg only","none")))) | P52: =IF(E52="",0,IF(INDEX(Components!$F$2:$F$17,MATCH(E52,Components!$A$2:$A$17,0))>0,F52,0))+IF(G52="",0,IF(INDEX(Components!$F$2:$F$17,MATCH(G52,Components!$A$2:$A$17,0))>0,H52,0))+IF(I52="",0,IF(INDEX(Components!$F$2:$F$17,MATCH(I52,Components!$A$2:$A$17,0))>0,J52,0)) | Q52: H, C | R52: none for ternaries: bracket r | S52: =IF(C52="A",'Run grid'!$B$4,IF(C52="B",'Run grid'!$B$6,'Run grid'!$B$8)) | T52: =S52*'Run grid'!$B$22 | U52: Ethane as a milder donor | V52: Flammable
A53: P06 | B53: Ar:CH4:C2H6 | C53: C | D53: Ar:CH4:C2H6 90:5:5 | E53: ch4 | F53: 5 | G53: c2h6 | H53: 5 | K53: =100-F53-H53-J53 | L53: =(K53*INDEX(Components!$D$2:$D$17,MATCH("ar",Components!$A$2:$A$17,0))+IF(E53="",0,F53*INDEX(Components!$D$2:$D$17,MATCH(E53,Components!$A$2:$A$17,0)))+IF(G53="",0,H53*INDEX(Components!$D$2:$D$17,MATCH(G53,Components!$A$2:$A$17,0)))+IF(I53="",0,J53*INDEX(Components!$D$2:$D$17,MATCH(I53,Components!$A$2:$A$17,0))))/100 | M53: =K53*INDEX(Components!$D$2:$D$17,MATCH("ar",Components!$A$2:$A$17,0))/(K53*INDEX(Components!$D$2:$D$17,MATCH("ar",Components!$A$2:$A$17,0))+IF(E53="",0,F53*INDEX(Components!$D$2:$D$17,MATCH(E53,Components!$A$2:$A$17,0)))+IF(G53="",0,H53*INDEX(Components!$D$2:$D$17,MATCH(G53,Components!$A$2:$A$17,0)))+IF(I53="",0,J53*INDEX(Components!$D$2:$D$17,MATCH(I53,Components!$A$2:$A$17,0)))) | N53: =MIN(15.76,IF(E53="",99,INDEX(Components!$E$2:$E$17,MATCH(E53,Components!$A$2:$A$17,0))),IF(G53="",99,INDEX(Components!$E$2:$E$17,MATCH(G53,Components!$A$2:$A$17,0))),IF(I53="",99,INDEX(Components!$E$2:$E$17,MATCH(I53,Components!$A$2:$A$17,0)))) | O53: =IF(N53<11.55,"4s, 4p and higher",IF(N53<12.91,"4p and higher",IF(N53<13.85,"3d/5s and higher",IF(N53<15.76,"high Rydberg only","none")))) | P53: =IF(E53="",0,IF(INDEX(Components!$F$2:$F$17,MATCH(E53,Components!$A$2:$A$17,0))>0,F53,0))+IF(G53="",0,IF(INDEX(Components!$F$2:$F$17,MATCH(G53,Components!$A$2:$A$17,0))>0,H53,0))+IF(I53="",0,IF(INDEX(Components!$F$2:$F$17,MATCH(I53,Components!$A$2:$A$17,0))>0,J53,0)) | Q53: H, C | R53: none for ternaries: bracket r | S53: =IF(C53="A",'Run grid'!$B$4,IF(C53="B",'Run grid'!$B$6,'Run grid'!$B$8)) | T53: =S53*'Run grid'!$B$22 | U53: Ethane as a milder donor | V53: Flammable
A54: P07 | B54: Ar:CH4:DME | C54: B | D54: Ar:CH4:DME 94:5:1 | E54: ch4 | F54: 5 | G54: dme | H54: 1 | K54: =100-F54-H54-J54 | L54: =(K54*INDEX(Components!$D$2:$D$17,MATCH("ar",Components!$A$2:$A$17,0))+IF(E54="",0,F54*INDEX(Components!$D$2:$D$17,MATCH(E54,Components!$A$2:$A$17,0)))+IF(G54="",0,H54*INDEX(Components!$D$2:$D$17,MATCH(G54,Components!$A$2:$A$17,0)))+IF(I54="",0,J54*INDEX(Components!$D$2:$D$17,MATCH(I54,Components!$A$2:$A$17,0))))/100 | M54: =K54*INDEX(Components!$D$2:$D$17,MATCH("ar",Components!$A$2:$A$17,0))/(K54*INDEX(Components!$D$2:$D$17,MATCH("ar",Components!$A$2:$A$17,0))+IF(E54="",0,F54*INDEX(Components!$D$2:$D$17,MATCH(E54,Components!$A$2:$A$17,0)))+IF(G54="",0,H54*INDEX(Components!$D$2:$D$17,MATCH(G54,Components!$A$2:$A$17,0)))+IF(I54="",0,J54*INDEX(Components!$D$2:$D$17,MATCH(I54,Components!$A$2:$A$17,0)))) | N54: =MIN(15.76,IF(E54="",99,INDEX(Components!$E$2:$E$17,MATCH(E54,Components!$A$2:$A$17,0))),IF(G54="",99,INDEX(Components!$E$2:$E$17,MATCH(G54,Components!$A$2:$A$17,0))),IF(I54="",99,INDEX(Components!$E$2:$E$17,MATCH(I54,Components!$A$2:$A$17,0)))) | O54: =IF(N54<11.55,"4s, 4p and higher",IF(N54<12.91,"4p and higher",IF(N54<13.85,"3d/5s and higher",IF(N54<15.76,"high Rydberg only","none")))) | P54: =IF(E54="",0,IF(INDEX(Components!$F$2:$F$17,MATCH(E54,Components!$A$2:$A$17,0))>0,F54,0))+IF(G54="",0,IF(INDEX(Components!$F$2:$F$17,MATCH(G54,Components!$A$2:$A$17,0))>0,H54,0))+IF(I54="",0,IF(INDEX(Components!$F$2:$F$17,MATCH(I54,Components!$A$2:$A$17,0))>0,J54,0)) | Q54: H, C, O | R54: none for ternaries: bracket r | S54: =IF(C54="A",'Run grid'!$B$4,IF(C54="B",'Run grid'!$B$6,'Run grid'!$B$8)) | T54: =S54*'Run grid'!$B$22 | U54: DME donor, no attachment | V54: Flammable; materials
A55: P08 | B55: Ar:CH4:DME | C55: C | D55: Ar:CH4:DME 93:5:2 | E55: ch4 | F55: 5 | G55: dme | H55: 2 | K55: =100-F55-H55-J55 | L55: =(K55*INDEX(Components!$D$2:$D$17,MATCH("ar",Components!$A$2:$A$17,0))+IF(E55="",0,F55*INDEX(Components!$D$2:$D$17,MATCH(E55,Components!$A$2:$A$17,0)))+IF(G55="",0,H55*INDEX(Components!$D$2:$D$17,MATCH(G55,Components!$A$2:$A$17,0)))+IF(I55="",0,J55*INDEX(Components!$D$2:$D$17,MATCH(I55,Components!$A$2:$A$17,0))))/100 | M55: =K55*INDEX(Components!$D$2:$D$17,MATCH("ar",Components!$A$2:$A$17,0))/(K55*INDEX(Components!$D$2:$D$17,MATCH("ar",Components!$A$2:$A$17,0))+IF(E55="",0,F55*INDEX(Components!$D$2:$D$17,MATCH(E55,Components!$A$2:$A$17,0)))+IF(G55="",0,H55*INDEX(Components!$D$2:$D$17,MATCH(G55,Components!$A$2:$A$17,0)))+IF(I55="",0,J55*INDEX(Components!$D$2:$D$17,MATCH(I55,Components!$A$2:$A$17,0)))) | N55: =MIN(15.76,IF(E55="",99,INDEX(Components!$E$2:$E$17,MATCH(E55,Components!$A$2:$A$17,0))),IF(G55="",99,INDEX(Components!$E$2:$E$17,MATCH(G55,Components!$A$2:$A$17,0))),IF(I55="",99,INDEX(Components!$E$2:$E$17,MATCH(I55,Components!$A$2:$A$17,0)))) | O55: =IF(N55<11.55,"4s, 4p and higher",IF(N55<12.91,"4p and higher",IF(N55<13.85,"3d/5s and higher",IF(N55<15.76,"high Rydberg only","none")))) | P55: =IF(E55="",0,IF(INDEX(Components!$F$2:$F$17,MATCH(E55,Components!$A$2:$A$17,0))>0,F55,0))+IF(G55="",0,IF(INDEX(Components!$F$2:$F$17,MATCH(G55,Components!$A$2:$A$17,0))>0,H55,0))+IF(I55="",0,IF(INDEX(Components!$F$2:$F$17,MATCH(I55,Components!$A$2:$A$17,0))>0,J55,0)) | Q55: H, C, O | R55: none for ternaries: bracket r | S55: =IF(C55="A",'Run grid'!$B$4,IF(C55="B",'Run grid'!$B$6,'Run grid'!$B$8)) | T55: =S55*'Run grid'!$B$22 | U55: DME donor | V55: Flammable; materials
A56: P09 | B56: Ar:CH4:TMA | C56: B | D56: Ar:CH4:TMA 94.5:5:0.5 | E56: ch4 | F56: 5 | G56: tma | H56: 0.5 | K56: =100-F56-H56-J56 | L56: =(K56*INDEX(Components!$D$2:$D$17,MATCH("ar",Components!$A$2:$A$17,0))+IF(E56="",0,F56*INDEX(Components!$D$2:$D$17,MATCH(E56,Components!$A$2:$A$17,0)))+IF(G56="",0,H56*INDEX(Components!$D$2:$D$17,MATCH(G56,Components!$A$2:$A$17,0)))+IF(I56="",0,J56*INDEX(Components!$D$2:$D$17,MATCH(I56,Components!$A$2:$A$17,0))))/100 | M56: =K56*INDEX(Components!$D$2:$D$17,MATCH("ar",Components!$A$2:$A$17,0))/(K56*INDEX(Components!$D$2:$D$17,MATCH("ar",Components!$A$2:$A$17,0))+IF(E56="",0,F56*INDEX(Components!$D$2:$D$17,MATCH(E56,Components!$A$2:$A$17,0)))+IF(G56="",0,H56*INDEX(Components!$D$2:$D$17,MATCH(G56,Components!$A$2:$A$17,0)))+IF(I56="",0,J56*INDEX(Components!$D$2:$D$17,MATCH(I56,Components!$A$2:$A$17,0)))) | N56: =MIN(15.76,IF(E56="",99,INDEX(Components!$E$2:$E$17,MATCH(E56,Components!$A$2:$A$17,0))),IF(G56="",99,INDEX(Components!$E$2:$E$17,MATCH(G56,Components!$A$2:$A$17,0))),IF(I56="",99,INDEX(Components!$E$2:$E$17,MATCH(I56,Components!$A$2:$A$17,0)))) | O56: =IF(N56<11.55,"4s, 4p and higher",IF(N56<12.91,"4p and higher",IF(N56<13.85,"3d/5s and higher",IF(N56<15.76,"high Rydberg only","none")))) | P56: =IF(E56="",0,IF(INDEX(Components!$F$2:$F$17,MATCH(E56,Components!$A$2:$A$17,0))>0,F56,0))+IF(G56="",0,IF(INDEX(Components!$F$2:$F$17,MATCH(G56,Components!$A$2:$A$17,0))>0,H56,0))+IF(I56="",0,IF(INDEX(Components!$F$2:$F$17,MATCH(I56,Components!$A$2:$A$17,0))>0,J56,0)) | Q56: H, C, N | R56: none for ternaries: bracket r | S56: =IF(C56="A",'Run grid'!$B$4,IF(C56="B",'Run grid'!$B$6,'Run grid'!$B$8)) | T56: =S56*'Run grid'!$B$22 | U56: Trace TMA as donor | V56: Toxic, reactive
A57: P10 | B57: Ar:CH4:TMA | C57: B | D57: Ar:CH4:TMA 94:5:1 | E57: ch4 | F57: 5 | G57: tma | H57: 1 | K57: =100-F57-H57-J57 | L57: =(K57*INDEX(Components!$D$2:$D$17,MATCH("ar",Components!$A$2:$A$17,0))+IF(E57="",0,F57*INDEX(Components!$D$2:$D$17,MATCH(E57,Components!$A$2:$A$17,0)))+IF(G57="",0,H57*INDEX(Components!$D$2:$D$17,MATCH(G57,Components!$A$2:$A$17,0)))+IF(I57="",0,J57*INDEX(Components!$D$2:$D$17,MATCH(I57,Components!$A$2:$A$17,0))))/100 | M57: =K57*INDEX(Components!$D$2:$D$17,MATCH("ar",Components!$A$2:$A$17,0))/(K57*INDEX(Components!$D$2:$D$17,MATCH("ar",Components!$A$2:$A$17,0))+IF(E57="",0,F57*INDEX(Components!$D$2:$D$17,MATCH(E57,Components!$A$2:$A$17,0)))+IF(G57="",0,H57*INDEX(Components!$D$2:$D$17,MATCH(G57,Components!$A$2:$A$17,0)))+IF(I57="",0,J57*INDEX(Components!$D$2:$D$17,MATCH(I57,Components!$A$2:$A$17,0)))) | N57: =MIN(15.76,IF(E57="",99,INDEX(Components!$E$2:$E$17,MATCH(E57,Components!$A$2:$A$17,0))),IF(G57="",99,INDEX(Components!$E$2:$E$17,MATCH(G57,Components!$A$2:$A$17,0))),IF(I57="",99,INDEX(Components!$E$2:$E$17,MATCH(I57,Components!$A$2:$A$17,0)))) | O57: =IF(N57<11.55,"4s, 4p and higher",IF(N57<12.91,"4p and higher",IF(N57<13.85,"3d/5s and higher",IF(N57<15.76,"high Rydberg only","none")))) | P57: =IF(E57="",0,IF(INDEX(Components!$F$2:$F$17,MATCH(E57,Components!$A$2:$A$17,0))>0,F57,0))+IF(G57="",0,IF(INDEX(Components!$F$2:$F$17,MATCH(G57,Components!$A$2:$A$17,0))>0,H57,0))+IF(I57="",0,IF(INDEX(Components!$F$2:$F$17,MATCH(I57,Components!$A$2:$A$17,0))>0,J57,0)) | Q57: H, C, N | R57: none for ternaries: bracket r | S57: =IF(C57="A",'Run grid'!$B$4,IF(C57="B",'Run grid'!$B$6,'Run grid'!$B$8)) | T57: =S57*'Run grid'!$B$22 | U57: TMA as donor | V57: Toxic, reactive
A58: P11 | B58: Ar:CH4:C2H2 | C58: C | D58: Ar:CH4:C2H2 94:5:1 | E58: ch4 | F58: 5 | G58: c2h2 | H58: 1 | K58: =100-F58-H58-J58 | L58: =(K58*INDEX(Components!$D$2:$D$17,MATCH("ar",Components!$A$2:$A$17,0))+IF(E58="",0,F58*INDEX(Components!$D$2:$D$17,MATCH(E58,Components!$A$2:$A$17,0)))+IF(G58="",0,H58*INDEX(Components!$D$2:$D$17,MATCH(G58,Components!$A$2:$A$17,0)))+IF(I58="",0,J58*INDEX(Components!$D$2:$D$17,MATCH(I58,Components!$A$2:$A$17,0))))/100 | M58: =K58*INDEX(Components!$D$2:$D$17,MATCH("ar",Components!$A$2:$A$17,0))/(K58*INDEX(Components!$D$2:$D$17,MATCH("ar",Components!$A$2:$A$17,0))+IF(E58="",0,F58*INDEX(Components!$D$2:$D$17,MATCH(E58,Components!$A$2:$A$17,0)))+IF(G58="",0,H58*INDEX(Components!$D$2:$D$17,MATCH(G58,Components!$A$2:$A$17,0)))+IF(I58="",0,J58*INDEX(Components!$D$2:$D$17,MATCH(I58,Components!$A$2:$A$17,0)))) | N58: =MIN(15.76,IF(E58="",99,INDEX(Components!$E$2:$E$17,MATCH(E58,Components!$A$2:$A$17,0))),IF(G58="",99,INDEX(Components!$E$2:$E$17,MATCH(G58,Components!$A$2:$A$17,0))),IF(I58="",99,INDEX(Components!$E$2:$E$17,MATCH(I58,Components!$A$2:$A$17,0)))) | O58: =IF(N58<11.55,"4s, 4p and higher",IF(N58<12.91,"4p and higher",IF(N58<13.85,"3d/5s and higher",IF(N58<15.76,"high Rydberg only","none")))) | P58: =IF(E58="",0,IF(INDEX(Components!$F$2:$F$17,MATCH(E58,Components!$A$2:$A$17,0))>0,F58,0))+IF(G58="",0,IF(INDEX(Components!$F$2:$F$17,MATCH(G58,Components!$A$2:$A$17,0))>0,H58,0))+IF(I58="",0,IF(INDEX(Components!$F$2:$F$17,MATCH(I58,Components!$A$2:$A$17,0))>0,J58,0)) | Q58: H, C | R58: none for ternaries: bracket r | S58: =IF(C58="A",'Run grid'!$B$4,IF(C58="B",'Run grid'!$B$6,'Run grid'!$B$8)) | T58: =S58*'Run grid'!$B$22 | U58: Acetylene as donor | V58: Decomposition hazard
A59: P12 | B59: Ar:CH4:C3H8 | C59: C | D59: Ar:CH4:C3H8 93:5:2 | E59: ch4 | F59: 5 | G59: c3h8 | H59: 2 | K59: =100-F59-H59-J59 | L59: =(K59*INDEX(Components!$D$2:$D$17,MATCH("ar",Components!$A$2:$A$17,0))+IF(E59="",0,F59*INDEX(Components!$D$2:$D$17,MATCH(E59,Components!$A$2:$A$17,0)))+IF(G59="",0,H59*INDEX(Components!$D$2:$D$17,MATCH(G59,Components!$A$2:$A$17,0)))+IF(I59="",0,J59*INDEX(Components!$D$2:$D$17,MATCH(I59,Components!$A$2:$A$17,0))))/100 | M59: =K59*INDEX(Components!$D$2:$D$17,MATCH("ar",Components!$A$2:$A$17,0))/(K59*INDEX(Components!$D$2:$D$17,MATCH("ar",Components!$A$2:$A$17,0))+IF(E59="",0,F59*INDEX(Components!$D$2:$D$17,MATCH(E59,Components!$A$2:$A$17,0)))+IF(G59="",0,H59*INDEX(Components!$D$2:$D$17,MATCH(G59,Components!$A$2:$A$17,0)))+IF(I59="",0,J59*INDEX(Components!$D$2:$D$17,MATCH(I59,Components!$A$2:$A$17,0)))) | N59: =MIN(15.76,IF(E59="",99,INDEX(Components!$E$2:$E$17,MATCH(E59,Components!$A$2:$A$17,0))),IF(G59="",99,INDEX(Components!$E$2:$E$17,MATCH(G59,Components!$A$2:$A$17,0))),IF(I59="",99,INDEX(Components!$E$2:$E$17,MATCH(I59,Components!$A$2:$A$17,0)))) | O59: =IF(N59<11.55,"4s, 4p and higher",IF(N59<12.91,"4p and higher",IF(N59<13.85,"3d/5s and higher",IF(N59<15.76,"high Rydberg only","none")))) | P59: =IF(E59="",0,IF(INDEX(Components!$F$2:$F$17,MATCH(E59,Components!$A$2:$A$17,0))>0,F59,0))+IF(G59="",0,IF(INDEX(Components!$F$2:$F$17,MATCH(G59,Components!$A$2:$A$17,0))>0,H59,0))+IF(I59="",0,IF(INDEX(Components!$F$2:$F$17,MATCH(I59,Components!$A$2:$A$17,0))>0,J59,0)) | Q59: H, C | R59: none for ternaries: bracket r | S59: =IF(C59="A",'Run grid'!$B$4,IF(C59="B",'Run grid'!$B$6,'Run grid'!$B$8)) | T59: =S59*'Run grid'!$B$22 | U59: Propane as donor | V59: Flammable
... A65: P18 | B65: Ar:CO2:C2H6 | C65: C | D65: Ar:CO2:C2H6 92:5:3 | E65: co2 | F65: 5 | G65: c2h6 | H65: 3 | K65: =100-F65-H65-J65 | L65: =(K65*INDEX(Components!$D$2:$D$17,MATCH("ar",Components!$A$2:$A$17,0))+IF(E65="",0,F65*INDEX(Components!$D$2:$D$17,MATCH(E65,Components!$A$2:$A$17,0)))+IF(G65="",0,H65*INDEX(Components!$D$2:$D$17,MATCH(G65,Components!$A$2:$A$17,0)))+IF(I65="",0,J65*INDEX(Components!$D$2:$D$17,MATCH(I65,Components!$A$2:$A$17,0))))/100 | M65: =K65*INDEX(Components!$D$2:$D$17,MATCH("ar",Components!$A$2:$A$17,0))/(K65*INDEX(Components!$D$2:$D$17,MATCH("ar",Components!$A$2:$A$17,0))+IF(E65="",0,F65*INDEX(Components!$D$2:$D$17,MATCH(E65,Components!$A$2:$A$17,0)))+IF(G65="",0,H65*INDEX(Components!$D$2:$D$17,MATCH(G65,Components!$A$2:$A$17,0)))+IF(I65="",0,J65*INDEX(Components!$D$2:$D$17,MATCH(I65,Components!$A$2:$A$17,0)))) | N65: =MIN(15.76,IF(E65="",99,INDEX(Components!$E$2:$E$17,MATCH(E65,Components!$A$2:$A$17,0))),IF(G65="",99,INDEX(Components!$E$2:$E$17,MATCH(G65,Components!$A$2:$A$17,0))),IF(I65="",99,INDEX(Components!$E$2:$E$17,MATCH(I65,Components!$A$2:$A$17,0)))) | O65: =IF(N65<11.55,"4s, 4p and higher",IF(N65<12.91,"4p and higher",IF(N65<13.85,"3d/5s and higher",IF(N65<15.76,"high Rydberg only","none")))) | P65: =IF(E65="",0,IF(INDEX(Components!$F$2:$F$17,MATCH(E65,Components!$A$2:$A$17,0))>0,F65,0))+IF(G65="",0,IF(INDEX(Components!$F$2:$F$17,MATCH(G65,Components!$A$2:$A$17,0))>0,H65,0))+IF(I65="",0,IF(INDEX(Components!$F$2:$F$17,MATCH(I65,Components!$A$2:$A$17,0))>0,J65,0)) | Q65: C, O, H | R65: none for ternaries: bracket r | S65: =IF(C65="A",'Run grid'!$B$4,IF(C65="B",'Run grid'!$B$6,'Run grid'!$B$8)) | T65: =S65*'Run grid'!$B$22 | U65: Low diffusion + ethane | V65: Flammable
A66: F01 | B66: Ar:CF4:iC4H10 | C66: A | D66: Ar:CF4:iC4H10 95:3:2 | E66: cf4 | F66: 3 | G66: ic4h10 | H66: 2 | K66: =100-F66-H66-J66 | L66: =(K66*INDEX(Components!$D$2:$D$17,MATCH("ar",Components!$A$2:$A$17,0))+IF(E66="",0,F66*INDEX(Components!$D$2:$D$17,MATCH(E66,Components!$A$2:$A$17,0)))+IF(G66="",0,H66*INDEX(Components!$D$2:$D$17,MATCH(G66,Components!$A$2:$A$17,0)))+IF(I66="",0,J66*INDEX(Components!$D$2:$D$17,MATCH(I66,Components!$A$2:$A$17,0))))/100 | M66: =K66*INDEX(Components!$D$2:$D$17,MATCH("ar",Components!$A$2:$A$17,0))/(K66*INDEX(Components!$D$2:$D$17,MATCH("ar",Components!$A$2:$A$17,0))+IF(E66="",0,F66*INDEX(Components!$D$2:$D$17,MATCH(E66,Components!$A$2:$A$17,0)))+IF(G66="",0,H66*INDEX(Components!$D$2:$D$17,MATCH(G66,Components!$A$2:$A$17,0)))+IF(I66="",0,J66*INDEX(Components!$D$2:$D$17,MATCH(I66,Components!$A$2:$A$17,0)))) | N66: =MIN(15.76,IF(E66="",99,INDEX(Components!$E$2:$E$17,MATCH(E66,Components!$A$2:$A$17,0))),IF(G66="",99,INDEX(Components!$E$2:$E$17,MATCH(G66,Components!$A$2:$A$17,0))),IF(I66="",99,INDEX(Components!$E$2:$E$17,MATCH(I66,Components!$A$2:$A$17,0)))) | O66: =IF(N66<11.55,"4s, 4p and higher",IF(N66<12.91,"4p and higher",IF(N66<13.85,"3d/5s and higher",IF(N66<15.76,"high Rydberg only","none")))) | P66: =IF(E66="",0,IF(INDEX(Components!$F$2:$F$17,MATCH(E66,Components!$A$2:$A$17,0))>0,F66,0))+IF(G66="",0,IF(INDEX(Components!$F$2:$F$17,MATCH(G66,Components!$A$2:$A$17,0))>0,H66,0))+IF(I66="",0,IF(INDEX(Components!$F$2:$F$17,MATCH(I66,Components!$A$2:$A$17,0))>0,J66,0)) | Q66: C, F, H | R66: none for ternaries: bracket r | S66: =IF(C66="A",'Run grid'!$B$4,IF(C66="B",'Run grid'!$B$6,'Run grid'!$B$8)) | T66: =S66*'Run grid'!$B$22 | U66: T2K gas: proven Ar-rich TPC mixture | V66: CF4 attachment at 10 bar hole fields | W66: T2K TPC drift velocity, diffusion (1 bar)
A67: F02 | B67: Ar:CF4:iC4H10 | C67: B | D67: Ar:CF4:iC4H10 94:3:3 | E67: cf4 | F67: 3 | G67: ic4h10 | H67: 3 | K67: =100-F67-H67-J67 | L67: =(K67*INDEX(Components!$D$2:$D$17,MATCH("ar",Components!$A$2:$A$17,0))+IF(E67="",0,F67*INDEX(Components!$D$2:$D$17,MATCH(E67,Components!$A$2:$A$17,0)))+IF(G67="",0,H67*INDEX(Components!$D$2:$D$17,MATCH(G67,Components!$A$2:$A$17,0)))+IF(I67="",0,J67*INDEX(Components!$D$2:$D$17,MATCH(I67,Components!$A$2:$A$17,0))))/100 | M67: =K67*INDEX(Components!$D$2:$D$17,MATCH("ar",Components!$A$2:$A$17,0))/(K67*INDEX(Components!$D$2:$D$17,MATCH("ar",Components!$A$2:$A$17,0))+IF(E67="",0,F67*INDEX(Components!$D$2:$D$17,MATCH(E67,Components!$A$2:$A$17,0)))+IF(G67="",0,H67*INDEX(Components!$D$2:$D$17,MATCH(G67,Components!$A$2:$A$17,0)))+IF(I67="",0,J67*INDEX(Components!$D$2:$D$17,MATCH(I67,Components!$A$2:$A$17,0)))) | N67: =MIN(15.76,IF(E67="",99,INDEX(Components!$E$2:$E$17,MATCH(E67,Components!$A$2:$A$17,0))),IF(G67="",99,INDEX(Components!$E$2:$E$17,MATCH(G67,Components!$A$2:$A$17,0))),IF(I67="",99,INDEX(Components!$E$2:$E$17,MATCH(I67,Components!$A$2:$A$17,0)))) | O67: =IF(N67<11.55,"4s, 4p and higher",IF(N67<12.91,"4p and higher",IF(N67<13.85,"3d/5s and higher",IF(N67<15.76,"high Rydberg only","none")))) | P67: =IF(E67="",0,IF(INDEX(Components!$F$2:$F$17,MATCH(E67,Components!$A$2:$A$17,0))>0,F67,0))+IF(G67="",0,IF(INDEX(Components!$F$2:$F$17,MATCH(G67,Components!$A$2:$A$17,0))>0,H67,0))+IF(I67="",0,IF(INDEX(Components!$F$2:$F$17,MATCH(I67,Components!$A$2:$A$17,0))>0,J67,0)) | Q67: C, F, H | R67: none for ternaries: bracket r | S67: =IF(C67="A",'Run grid'!$B$4,IF(C67="B",'Run grid'!$B$6,'Run grid'!$B$8)) | T67: =S67*'Run grid'!$B$22 | U67: T2K gas with more donor | V67: Flammable
A68: F03 | B68: Ar:CF4:iC4H10 | C68: B | D68: Ar:CF4:iC4H10 93:5:2 | E68: cf4 | F68: 5 | G68: ic4h10 | H68: 2 | K68: =100-F68-H68-J68 | L68: =(K68*INDEX(Components!$D$2:$D$17,MATCH("ar",Components!$A$2:$A$17,0))+IF(E68="",0,F68*INDEX(Components!$D$2:$D$17,MATCH(E68,Components!$A$2:$A$17,0)))+IF(G68="",0,H68*INDEX(Components!$D$2:$D$17,MATCH(G68,Components!$A$2:$A$17,0)))+IF(I68="",0,J68*INDEX(Components!$D$2:$D$17,MATCH(I68,Components!$A$2:$A$17,0))))/100 | M68: =K68*INDEX(Components!$D$2:$D$17,MATCH("ar",Components!$A$2:$A$17,0))/(K68*INDEX(Components!$D$2:$D$17,MATCH("ar",Components!$A$2:$A$17,0))+IF(E68="",0,F68*INDEX(Components!$D$2:$D$17,MATCH(E68,Components!$A$2:$A$17,0)))+IF(G68="",0,H68*INDEX(Components!$D$2:$D$17,MATCH(G68,Components!$A$2:$A$17,0)))+IF(I68="",0,J68*INDEX(Components!$D$2:$D$17,MATCH(I68,Components!$A$2:$A$17,0)))) | N68: =MIN(15.76,IF(E68="",99,INDEX(Components!$E$2:$E$17,MATCH(E68,Components!$A$2:$A$17,0))),IF(G68="",99,INDEX(Components!$E$2:$E$17,MATCH(G68,Components!$A$2:$A$17,0))),IF(I68="",99,INDEX(Components!$E$2:$E$17,MATCH(I68,Components!$A$2:$A$17,0)))) | O68: =IF(N68<11.55,"4s, 4p and higher",IF(N68<12.91,"4p and higher",IF(N68<13.85,"3d/5s and higher",IF(N68<15.76,"high Rydberg only","none")))) | P68: =IF(E68="",0,IF(INDEX(Components!$F$2:$F$17,MATCH(E68,Components!$A$2:$A$17,0))>0,F68,0))+IF(G68="",0,IF(INDEX(Components!$F$2:$F$17,MATCH(G68,Components!$A$2:$A$17,0))>0,H68,0))+IF(I68="",0,IF(INDEX(Components!$F$2:$F$17,MATCH(I68,Components!$A$2:$A$17,0))>0,J68,0)) | Q68: C, F, H | R68: none for ternaries: bracket r | S68: =IF(C68="A",'Run grid'!$B$4,IF(C68="B",'Run grid'!$B$6,'Run grid'!$B$8)) | T68: =S68*'Run grid'!$B$22 | U68: T2K gas with more CF4 | V68: More attachment
A69: F04 | B69: Ar:CF4:CH4 | C69: B | D69: Ar:CF4:CH4 92:3:5 | E69: cf4 | F69: 3 | G69: ch4 | H69: 5 | K69: =100-F69-H69-J69 | L69: =(K69*INDEX(Components!$D$2:$D$17,MATCH("ar",Components!$A$2:$A$17,0))+IF(E69="",0,F69*INDEX(Components!$D$2:$D$17,MATCH(E69,Components!$A$2:$A$17,0)))+IF(G69="",0,H69*INDEX(Components!$D$2:$D$17,MATCH(G69,Components!$A$2:$A$17,0)))+IF(I69="",0,J69*INDEX(Components!$D$2:$D$17,MATCH(I69,Components!$A$2:$A$17,0))))/100 | M69: =K69*INDEX(Components!$D$2:$D$17,MATCH("ar",Components!$A$2:$A$17,0))/(K69*INDEX(Components!$D$2:$D$17,MATCH("ar",Components!$A$2:$A$17,0))+IF(E69="",0,F69*INDEX(Components!$D$2:$D$17,MATCH(E69,Components!$A$2:$A$17,0)))+IF(G69="",0,H69*INDEX(Components!$D$2:$D$17,MATCH(G69,Components!$A$2:$A$17,0)))+IF(I69="",0,J69*INDEX(Components!$D$2:$D$17,MATCH(I69,Components!$A$2:$A$17,0)))) | N69: =MIN(15.76,IF(E69="",99,INDEX(Components!$E$2:$E$17,MATCH(E69,Components!$A$2:$A$17,0))),IF(G69="",99,INDEX(Components!$E$2:$E$17,MATCH(G69,Components!$A$2:$A$17,0))),IF(I69="",99,INDEX(Components!$E$2:$E$17,MATCH(I69,Components!$A$2:$A$17,0)))) | O69: =IF(N69<11.55,"4s, 4p and higher",IF(N69<12.91,"4p and higher",IF(N69<13.85,"3d/5s and higher",IF(N69<15.76,"high Rydberg only","none")))) | P69: =IF(E69="",0,IF(INDEX(Components!$F$2:$F$17,MATCH(E69,Components!$A$2:$A$17,0))>0,F69,0))+IF(G69="",0,IF(INDEX(Components!$F$2:$F$17,MATCH(G69,Components!$A$2:$A$17,0))>0,H69,0))+IF(I69="",0,IF(INDEX(Components!$F$2:$F$17,MATCH(I69,Components!$A$2:$A$17,0))>0,J69,0)) | Q69: C, F, H | R69: none for ternaries: bracket r | S69: =IF(C69="A",'Run grid'!$B$4,IF(C69="B",'Run grid'!$B$6,'Run grid'!$B$8)) | T69: =S69*'Run grid'!$B$22 | U69: CH4 instead of isobutane
A70: F05 | B70: Ar:CF4:CH4 | C70: C | D70: Ar:CF4:CH4 90:5:5 | E70: cf4 | F70: 5 | G70: ch4 | H70: 5 | K70: =100-F70-H70-J70 | L70: =(K70*INDEX(Components!$D$2:$D$17,MATCH("ar",Components!$A$2:$A$17,0))+IF(E70="",0,F70*INDEX(Components!$D$2:$D$17,MATCH(E70,Components!$A$2:$A$17,0)))+IF(G70="",0,H70*INDEX(Components!$D$2:$D$17,MATCH(G70,Components!$A$2:$A$17,0)))+IF(I70="",0,J70*INDEX(Components!$D$2:$D$17,MATCH(I70,Components!$A$2:$A$17,0))))/100 | M70: =K70*INDEX(Components!$D$2:$D$17,MATCH("ar",Components!$A$2:$A$17,0))/(K70*INDEX(Components!$D$2:$D$17,MATCH("ar",Components!$A$2:$A$17,0))+IF(E70="",0,F70*INDEX(Components!$D$2:$D$17,MATCH(E70,Components!$A$2:$A$17,0)))+IF(G70="",0,H70*INDEX(Components!$D$2:$D$17,MATCH(G70,Components!$A$2:$A$17,0)))+IF(I70="",0,J70*INDEX(Components!$D$2:$D$17,MATCH(I70,Components!$A$2:$A$17,0)))) | N70: =MIN(15.76,IF(E70="",99,INDEX(Components!$E$2:$E$17,MATCH(E70,Components!$A$2:$A$17,0))),IF(G70="",99,INDEX(Components!$E$2:$E$17,MATCH(G70,Components!$A$2:$A$17,0))),IF(I70="",99,INDEX(Components!$E$2:$E$17,MATCH(I70,Components!$A$2:$A$17,0)))) | O70: =IF(N70<11.55,"4s, 4p and higher",IF(N70<12.91,"4p and higher",IF(N70<13.85,"3d/5s and higher",IF(N70<15.76,"high Rydberg only","none")))) | P70: =IF(E70="",0,IF(INDEX(Components!$F$2:$F$17,MATCH(E70,Components!$A$2:$A$17,0))>0,F70,0))+IF(G70="",0,IF(INDEX(Components!$F$2:$F$17,MATCH(G70,Components!$A$2:$A$17,0))>0,H70,0))+IF(I70="",0,IF(INDEX(Components!$F$2:$F$17,MATCH(I70,Components!$A$2:$A$17,0))>0,J70,0)) | Q70: C, F, H | R70: none for ternaries: bracket r | S70: =IF(C70="A",'Run grid'!$B$4,IF(C70="B",'Run grid'!$B$6,'Run grid'!$B$8)) | T70: =S70*'Run grid'!$B$22 | U70: CH4 instead of isobutane
A71: F06 | B71: Ar:CF4:C2H6 | C71: C | D71: Ar:CF4:C2H6 95:3:2 | E71: cf4 | F71: 3 | G71: c2h6 | H71: 2 | K71: =100-F71-H71-J71 | L71: =(K71*INDEX(Components!$D$2:$D$17,MATCH("ar",Components!$A$2:$A$17,0))+IF(E71="",0,F71*INDEX(Components!$D$2:$D$17,MATCH(E71,Components!$A$2:$A$17,0)))+IF(G71="",0,H71*INDEX(Components!$D$2:$D$17,MATCH(G71,Components!$A$2:$A$17,0)))+IF(I71="",0,J71*INDEX(Components!$D$2:$D$17,MATCH(I71,Components!$A$2:$A$17,0))))/100 | M71: =K71*INDEX(Components!$D$2:$D$17,MATCH("ar",Components!$A$2:$A$17,0))/(K71*INDEX(Components!$D$2:$D$17,MATCH("ar",Components!$A$2:$A$17,0))+IF(E71="",0,F71*INDEX(Components!$D$2:$D$17,MATCH(E71,Components!$A$2:$A$17,0)))+IF(G71="",0,H71*INDEX(Components!$D$2:$D$17,MATCH(G71,Components!$A$2:$A$17,0)))+IF(I71="",0,J71*INDEX(Components!$D$2:$D$17,MATCH(I71,Components!$A$2:$A$17,0)))) | N71: =MIN(15.76,IF(E71="",99,INDEX(Components!$E$2:$E$17,MATCH(E71,Components!$A$2:$A$17,0))),IF(G71="",99,INDEX(Components!$E$2:$E$17,MATCH(G71,Components!$A$2:$A$17,0))),IF(I71="",99,INDEX(Components!$E$2:$E$17,MATCH(I71,Components!$A$2:$A$17,0)))) | O71: =IF(N71<11.55,"4s, 4p and higher",IF(N71<12.91,"4p and higher",IF(N71<13.85,"3d/5s and higher",IF(N71<15.76,"high Rydberg only","none")))) | P71: =IF(E71="",0,IF(INDEX(Components!$F$2:$F$17,MATCH(E71,Components!$A$2:$A$17,0))>0,F71,0))+IF(G71="",0,IF(INDEX(Components!$F$2:$F$17,MATCH(G71,Components!$A$2:$A$17,0))>0,H71,0))+IF(I71="",0,IF(INDEX(Components!$F$2:$F$17,MATCH(I71,Components!$A$2:$A$17,0))>0,J71,0)) | Q71: C, F, H | R71: none for ternaries: bracket r | S71: =IF(C71="A",'Run grid'!$B$4,IF(C71="B",'Run grid'!$B$6,'Run grid'!$B$8)) | T71: =S71*'Run grid'!$B$22 | U71: Ethane instead of isobutane | V71: Flammable
A72: F07 | B72: Ar:CF4:DME | C72: C | D72: Ar:CF4:DME 95:3:2 | E72: cf4 | F72: 3 | G72: dme | H72: 2 | K72: =100-F72-H72-J72 | L72: =(K72*INDEX(Components!$D$2:$D$17,MATCH("ar",Components!$A$2:$A$17,0))+IF(E72="",0,F72*INDEX(Components!$D$2:$D$17,MATCH(E72,Components!$A$2:$A$17,0)))+IF(G72="",0,H72*INDEX(Components!$D$2:$D$17,MATCH(G72,Components!$A$2:$A$17,0)))+IF(I72="",0,J72*INDEX(Components!$D$2:$D$17,MATCH(I72,Components!$A$2:$A$17,0))))/100 | M72: =K72*INDEX(Components!$D$2:$D$17,MATCH("ar",Components!$A$2:$A$17,0))/(K72*INDEX(Components!$D$2:$D$17,MATCH("ar",Components!$A$2:$A$17,0))+IF(E72="",0,F72*INDEX(Components!$D$2:$D$17,MATCH(E72,Components!$A$2:$A$17,0)))+IF(G72="",0,H72*INDEX(Components!$D$2:$D$17,MATCH(G72,Components!$A$2:$A$17,0)))+IF(I72="",0,J72*INDEX(Components!$D$2:$D$17,MATCH(I72,Components!$A$2:$A$17,0)))) | N72: =MIN(15.76,IF(E72="",99,INDEX(Components!$E$2:$E$17,MATCH(E72,Components!$A$2:$A$17,0))),IF(G72="",99,INDEX(Components!$E$2:$E$17,MATCH(G72,Components!$A$2:$A$17,0))),IF(I72="",99,INDEX(Components!$E$2:$E$17,MATCH(I72,Components!$A$2:$A$17,0)))) | O72: =IF(N72<11.55,"4s, 4p and higher",IF(N72<12.91,"4p and higher",IF(N72<13.85,"3d/5s and higher",IF(N72<15.76,"high Rydberg only","none")))) | P72: =IF(E72="",0,IF(INDEX(Components!$F$2:$F$17,MATCH(E72,Components!$A$2:$A$17,0))>0,F72,0))+IF(G72="",0,IF(INDEX(Components!$F$2:$F$17,MATCH(G72,Components!$A$2:$A$17,0))>0,H72,0))+IF(I72="",0,IF(INDEX(Components!$F$2:$F$17,MATCH(I72,Components!$A$2:$A$17,0))>0,J72,0)) | Q72: C, F, H, O | R72: none for ternaries: bracket r | S72: =IF(C72="A",'Run grid'!$B$4,IF(C72="B",'Run grid'!$B$6,'Run grid'!$B$8)) | T72: =S72*'Run grid'!$B$22 | U72: DME instead of isobutane | V72: Flammable; materials
A73: F08 | B73: Ar:CO2:CF4 | C73: C | D73: Ar:CO2:CF4 92:5:3 | E73: co2 | F73: 5 | G73: cf4 | H73: 3 | K73: =100-F73-H73-J73 | L73: =(K73*INDEX(Components!$D$2:$D$17,MATCH("ar",Components!$A$2:$A$17,0))+IF(E73="",0,F73*INDEX(Components!$D$2:$D$17,MATCH(E73,Components!$A$2:$A$17,0)))+IF(G73="",0,H73*INDEX(Components!$D$2:$D$17,MATCH(G73,Components!$A$2:$A$17,0)))+IF(I73="",0,J73*INDEX(Components!$D$2:$D$17,MATCH(I73,Components!$A$2:$A$17,0))))/100 | M73: =K73*INDEX(Components!$D$2:$D$17,MATCH("ar",Components!$A$2:$A$17,0))/(K73*INDEX(Components!$D$2:$D$17,MATCH("ar",Components!$A$2:$A$17,0))+IF(E73="",0,F73*INDEX(Components!$D$2:$D$17,MATCH(E73,Components!$A$2:$A$17,0)))+IF(G73="",0,H73*INDEX(Components!$D$2:$D$17,MATCH(G73,Components!$A$2:$A$17,0)))+IF(I73="",0,J73*INDEX(Components!$D$2:$D$17,MATCH(I73,Components!$A$2:$A$17,0)))) | N73: =MIN(15.76,IF(E73="",99,INDEX(Components!$E$2:$E$17,MATCH(E73,Components!$A$2:$A$17,0))),IF(G73="",99,INDEX(Components!$E$2:$E$17,MATCH(G73,Components!$A$2:$A$17,0))),IF(I73="",99,INDEX(Components!$E$2:$E$17,MATCH(I73,Components!$A$2:$A$17,0)))) | O73: =IF(N73<11.55,"4s, 4p and higher",IF(N73<12.91,"4p and higher",IF(N73<13.85,"3d/5s and higher",IF(N73<15.76,"high Rydberg only","none")))) | P73: =IF(E73="",0,IF(INDEX(Components!$F$2:$F$17,MATCH(E73,Components!$A$2:$A$17,0))>0,F73,0))+IF(G73="",0,IF(INDEX(Components!$F$2:$F$17,MATCH(G73,Components!$A$2:$A$17,0))>0,H73,0))+IF(I73="",0,IF(INDEX(Components!$F$2:$F$17,MATCH(I73,Components!$A$2:$A$17,0))>0,J73,0)) | Q73: C, O, F | R73: none for ternaries: bracket r | S73: =IF(C73="A",'Run grid'!$B$4,IF(C73="B",'Run grid'!$B$6,'Run grid'!$B$8)) | T73: =S73*'Run grid'!$B$22 | U73: Non-flammable fast mixture | V73: Attachment
A74: Q01 | B74: Ar:Ne:CH4:iC4H10 | C74: C | D74: Ar:Ne:CH4:iC4H10 90:3:5:2 | E74: ne | F74: 3 | G74: ch4 | H74: 5 | I74: ic4h10 | J74: 2 | K74: =100-F74-H74-J74 | L74: =(K74*INDEX(Components!$D$2:$D$17,MATCH("ar",Components!$A$2:$A$17,0))+IF(E74="",0,F74*INDEX(Components!$D$2:$D$17,MATCH(E74,Components!$A$2:$A$17,0)))+IF(G74="",0,H74*INDEX(Components!$D$2:$D$17,MATCH(G74,Components!$A$2:$A$17,0)))+IF(I74="",0,J74*INDEX(Components!$D$2:$D$17,MATCH(I74,Components!$A$2:$A$17,0))))/100 | M74: =K74*INDEX(Components!$D$2:$D$17,MATCH("ar",Components!$A$2:$A$17,0))/(K74*INDEX(Components!$D$2:$D$17,MATCH("ar",Components!$A$2:$A$17,0))+IF(E74="",0,F74*INDEX(Components!$D$2:$D$17,MATCH(E74,Components!$A$2:$A$17,0)))+IF(G74="",0,H74*INDEX(Components!$D$2:$D$17,MATCH(G74,Components!$A$2:$A$17,0)))+IF(I74="",0,J74*INDEX(Components!$D$2:$D$17,MATCH(I74,Components!$A$2:$A$17,0)))) | N74: =MIN(15.76,IF(E74="",99,INDEX(Components!$E$2:$E$17,MATCH(E74,Components!$A$2:$A$17,0))),IF(G74="",99,INDEX(Components!$E$2:$E$17,MATCH(G74,Components!$A$2:$A$17,0))),IF(I74="",99,INDEX(Components!$E$2:$E$17,MATCH(I74,Components!$A$2:$A$17,0)))) | O74: =IF(N74<11.55,"4s, 4p and higher",IF(N74<12.91,"4p and higher",IF(N74<13.85,"3d/5s and higher",IF(N74<15.76,"high Rydberg only","none")))) | P74: =IF(E74="",0,IF(INDEX(Components!$F$2:$F$17,MATCH(E74,Components!$A$2:$A$17,0))>0,F74,0))+IF(G74="",0,IF(INDEX(Components!$F$2:$F$17,MATCH(G74,Components!$A$2:$A$17,0))>0,H74,0))+IF(I74="",0,IF(INDEX(Components!$F$2:$F$17,MATCH(I74,Components!$A$2:$A$17,0))>0,J74,0)) | Q74: Ne, H, C | R74: none for ternaries: bracket r | S74: =IF(C74="A",'Run grid'!$B$4,IF(C74="B",'Run grid'!$B$6,'Run grid'!$B$8)) | T74: =S74*'Run grid'!$B$22 | U74: Ne + donor combined | V74: Flammable
A75: Q02 | B75: Ar:CF4:CH4:iC4H10 | C75: C | D75: Ar:CF4:CH4:iC4H10 90:3:5:2 | E75: cf4 | F75: 3 | G75: ch4 | H75: 5 | I75: ic4h10 | J75: 2 | K75: =100-F75-H75-J75 | L75: =(K75*INDEX(Components!$D$2:$D$17,MATCH("ar",Components!$A$2:$A$17,0))+IF(E75="",0,F75*INDEX(Components!$D$2:$D$17,MATCH(E75,Components!$A$2:$A$17,0)))+IF(G75="",0,H75*INDEX(Components!$D$2:$D$17,MATCH(G75,Components!$A$2:$A$17,0)))+IF(I75="",0,J75*INDEX(Components!$D$2:$D$17,MATCH(I75,Components!$A$2:$A$17,0))))/100 | M75: =K75*INDEX(Components!$D$2:$D$17,MATCH("ar",Components!$A$2:$A$17,0))/(K75*INDEX(Components!$D$2:$D$17,MATCH("ar",Components!$A$2:$A$17,0))+IF(E75="",0,F75*INDEX(Components!$D$2:$D$17,MATCH(E75,Components!$A$2:$A$17,0)))+IF(G75="",0,H75*INDEX(Components!$D$2:$D$17,MATCH(G75,Components!$A$2:$A$17,0)))+IF(I75="",0,J75*INDEX(Components!$D$2:$D$17,MATCH(I75,Components!$A$2:$A$17,0)))) | N75: =MIN(15.76,IF(E75="",99,INDEX(Components!$E$2:$E$17,MATCH(E75,Components!$A$2:$A$17,0))),IF(G75="",99,INDEX(Components!$E$2:$E$17,MATCH(G75,Components!$A$2:$A$17,0))),IF(I75="",99,INDEX(Components!$E$2:$E$17,MATCH(I75,Components!$A$2:$A$17,0)))) | O75: =IF(N75<11.55,"4s, 4p and higher",IF(N75<12.91,"4p and higher",IF(N75<13.85,"3d/5s and higher",IF(N75<15.76,"high Rydberg only","none")))) | P75: =IF(E75="",0,IF(INDEX(Components!$F$2:$F$17,MATCH(E75,Components!$A$2:$A$17,0))>0,F75,0))+IF(G75="",0,IF(INDEX(Components!$F$2:$F$17,MATCH(G75,Components!$A$2:$A$17,0))>0,H75,0))+IF(I75="",0,IF(INDEX(Components!$F$2:$F$17,MATCH(I75,Components!$A$2:$A$17,0))>0,J75,0)) | Q75: C, F, H | R75: none for ternaries: bracket r | S75: =IF(C75="A",'Run grid'!$B$4,IF(C75="B",'Run grid'!$B$6,'Run grid'!$B$8)) | T75: =S75*'Run grid'!$B$22 | U75: T2K gas with CH4 | V75: Flammable
A76: Q03 | B76: Ar:He:CF4:iC4H10 | C76: C | D76: Ar:He:CF4:iC4H10 90:5:3:2 | E76: he | F76: 5 | G76: cf4 | H76: 3 | I76: ic4h10 | J76: 2 | K76: =100-F76-H76-J76 | L76: =(K76*INDEX(Components!$D$2:$D$17,MATCH("ar",Components!$A$2:$A$17,0))+IF(E76="",0,F76*INDEX(Components!$D$2:$D$17,MATCH(E76,Components!$A$2:$A$17,0)))+IF(G76="",0,H76*INDEX(Components!$D$2:$D$17,MATCH(G76,Components!$A$2:$A$17,0)))+IF(I76="",0,J76*INDEX(Components!$D$2:$D$17,MATCH(I76,Components!$A$2:$A$17,0))))/100 | M76: =K76*INDEX(Components!$D$2:$D$17,MATCH("ar",Components!$A$2:$A$17,0))/(K76*INDEX(Components!$D$2:$D$17,MATCH("ar",Components!$A$2:$A$17,0))+IF(E76="",0,F76*INDEX(Components!$D$2:$D$17,MATCH(E76,Components!$A$2:$A$17,0)))+IF(G76="",0,H76*INDEX(Components!$D$2:$D$17,MATCH(G76,Components!$A$2:$A$17,0)))+IF(I76="",0,J76*INDEX(Components!$D$2:$D$17,MATCH(I76,Components!$A$2:$A$17,0)))) | N76: =MIN(15.76,IF(E76="",99,INDEX(Components!$E$2:$E$17,MATCH(E76,Components!$A$2:$A$17,0))),IF(G76="",99,INDEX(Components!$E$2:$E$17,MATCH(G76,Components!$A$2:$A$17,0))),IF(I76="",99,INDEX(Components!$E$2:$E$17,MATCH(I76,Components!$A$2:$A$17,0)))) | O76: =IF(N76<11.55,"4s, 4p and higher",IF(N76<12.91,"4p and higher",IF(N76<13.85,"3d/5s and higher",IF(N76<15.76,"high Rydberg only","none")))) | P76: =IF(E76="",0,IF(INDEX(Components!$F$2:$F$17,MATCH(E76,Components!$A$2:$A$17,0))>0,F76,0))+IF(G76="",0,IF(INDEX(Components!$F$2:$F$17,MATCH(G76,Components!$A$2:$A$17,0))>0,H76,0))+IF(I76="",0,IF(INDEX(Components!$F$2:$F$17,MATCH(I76,Components!$A$2:$A$17,0))>0,J76,0)) | Q76: He, C, F, H | R76: none for ternaries: bracket r | S76: =IF(C76="A",'Run grid'!$B$4,IF(C76="B",'Run grid'!$B$6,'Run grid'!$B$8)) | T76: =S76*'Run grid'!$B$22 | U76: T2K gas with He | V76: Flammable
A78: Count | D78: =COUNTIF(A2:A76,"?*")
A79: Priority A | D79: =COUNTIF(C2:C76,"A")
A80: CPU h, all tables | D80: =SUM(T2:T76)

Sheet Criteria
A1: Detector requirements (from the user, 2026-10-28) and derived targets
A3: Maximum drift length, double-sided TPC (cm) | B3: 250
A4: Maximum drift length, single-sided TPC (cm) | B4: 500
A5: Nominal drift field (kV/cm) | B5: 0.5
A6: Operating pressure (bar) | B6: 10
A7: Nominal drift E/p (V/cm/bar) | B7: =B5*1000/B6 | C7: Lower pressures: evaluate at the same E/p and at 0.5 kV/cm
A8: Target effective gain of the stack | B8: 100 | C8: 'At least O(100)'; revisit
A9: Effective/absolute gain per foil (assumed) | B9: 0.4 | C9: SimGEM single standard GEM: 0.3-0.45
A10: Per-foil effective gain, triple GEM | B10: =B8^(1/3)
A11: Per-foil effective gain, double GEM | B11: =B8^(1/2)
A12: Per-foil effective gain, single GEM | B12: =B8
A13: Per-foil absolute gain, triple GEM | B13: =B10/B9 | C13: Target of the 1-D gain estimate
A14: Per-foil absolute gain, double GEM | B14: =B11/B9 | C14: Target of the 1-D gain estimate
A15: Per-foil absolute gain, single GEM | B15: =B12/B9 | C15: Target of the 1-D gain estimate
A16: Diffusion scale sqrt(L), double-sided (sqrt(cm)) | B16: =SQRT(B3) | C16: sigma = D x sqrt(L), D in um/sqrt(cm)
A17: Diffusion scale sqrt(L), single-sided (sqrt(cm)) | B17: =SQRT(B4)
A18: Accepted charge loss over L | B18: 0.1 | C18: Sets the impurity limit (O2, H2O levels unknown)
A19: Additives allowed for the study | B19: all (flammable, toxic, hazardous) | C19: Assumed for the study; safety decided later

Sheet Components
A1: Key | B1: Garfield name | C1: Formula | D1: Molar mass (g/mol) | E1: Ionisation energy (eV) | F1: LEL in air (vol %) | G1: Nuclei | H1: Garfield automatic Penning with Ar | I1: Role | J1: Hazards / remarks
A2: ar | B2: Ar | C2: Ar | D2: 39.948 | E2: 15.76 | F2: 0 | G2: Ar | H2: - | I2: target, main gas
A3: he | B3: He | C3: He | D3: 4.0026 | E3: 24.59 | F3: 0 | G3: He | H3: none | I3: diluent | J3: fast leaks through seals
A4: ne | B4: Ne | C4: Ne | D4: 20.18 | E4: 21.56 | F4: 0 | G4: Ne | H4: none (Ne-CO2, Ne-N2 exist) | I4: diluent | J4: cost at 10 bar volumes
A5: ch4 | B5: CH4 | C5: CH4 | D5: 16.043 | E5: 12.61 | F5: 4.4 | G5: H, C | H5: p- and c-dependent (Sahin 2010) | I5: quencher, Penning acceptor (Ar 4p and up) | J5: flammable
A6: co2 | B6: CO2 | C6: CO2 | D6: 44.01 | E6: 13.78 | F6: 0 | G6: C, O | H6: 1 atm: Sahin 2014; other p: JINST 12 C01035 | I6: quencher (cold gas, low diffusion) | J6: three-body attachment with O2
A7: cf4 | B7: CF4 | C7: CF4 | D7: 88.004 | E7: 16.2 | F7: 0 | G7: C, F | H7: none | I7: fast drift, low diffusion | J7: attachment at hole fields; GWP ~6500; IP: vertical 16.2 eV
A8: c2h6 | B8: C2H6 | C8: C2H6 | D8: 30.069 | E8: 11.52 | F8: 2.4 | G8: H, C | H8: 0.31 (10 %, 1 atm only) | I8: quencher, Penning donor (marginal for Ar 4s) | J8: flammable
A9: c3h8 | B9: C3H8 | C9: C3H8 | D9: 44.097 | E9: 10.94 | F9: 1.7 | G9: H, C | H9: c-dependent (1 atm only) | I9: quencher, Penning donor | J9: flammable
A10: ic4h10 | B10: iC4H10 | C10: iC4H10 | D10: 58.122 | E10: 10.68 | F10: 1.3 | G10: H, C | H10: 0.40 (10 %, 1 atm only) | I10: quencher, Penning donor, UV absorber | J10: flammable; condenses at ~2-3 bar partial pressure at room T
A11: dme | B11: DME | C11: C2H6O | D11: 46.068 | E11: 10.03 | F11: 2.7 | G11: H, C, O | H11: none | I11: quencher, Penning donor, no attachment | J11: flammable; attacks some plastics
A12: tma | B12: TMA | C12: C3H9N | D12: 59.11 | E12: 7.85 | F12: 2 | G12: H, C, N | H12: none (Xe-TMA only) | I12: strong Penning donor, UV absorber | J12: flammable, toxic, reactive
A13: c2h2 | B13: C2H2 | C13: C2H2 | D13: 26.038 | E13: 11.4 | F13: 2.3 | G13: H, C | H13: 0.72 (cylindrical counters) | I13: Penning donor | J13: decomposes explosively above ~1-2 bar partial pressure
A14: n2 | B14: N2 | C14: N2 | D14: 28.014 | E14: 15.58 | F14: 0 | G14: N | H14: none | I14: reference (no Penning, poor quencher)
A15: h2 | B15: H2 | C15: H2 | D15: 2.016 | E15: 15.43 | F15: 4 | G15: H | H15: none | I15: free-proton target, poor quencher | J15: flammable
A16: o2 | B16: O2 | C16: O2 | D16: 31.999 | E16: 12.07 | F16: 0 | G16: O | H16: - | I16: impurity (attachment)
A17: h2o | B17: H2O | C17: H2O | D17: 18.015 | E17: 12.62 | F17: 0 | G17: H, O | H17: - | I17: impurity (attachment, cooling)
A19: Sources: molar masses IUPAC; ionisation energies NIST Chemistry WebBook (adiabatic; CF4 vertical value).
A20: LEL: typical values of IEC 60079-20-1 (0 = not flammable); approximate, check the supplier SDS. Mixture flammability needs an ISO 10156 assessment.
A21: Ar excited levels: 4s 11.55-11.83 eV (most abundant), 4p 12.91-13.48 eV, 3d/5s ~13.85-14.3 eV. Garfield transfers only from levels above the lowest ionisation energy of the mixture.
A22: Garfield automatic Penning: MediumGas::EnablePenningTransfer() (Garfield++ 58d22389), Sahin et al. JINST 5 (2010) P05002, NIM A 768 (2014) 104, JINST 12 (2017) C01035.

Sheet Run grid
A1: Run grid and compute budget
A3: Pressures, priority A (bar) | B3: 1, 2, 4, 6, 8, 10
A4: Number of pressures, priority A | B4: 6
A5: Pressures, priority B (bar) | B5: 1, 4, 10
A6: Number of pressures, priority B | B6: 3
A7: Pressures, priority C (bar) | B7: 1, 10
A8: Number of pressures, priority C | B8: 2
A9: Drift table: E/p range (V/cm/bar) | B9: 5 - 500 | C9: At 10 bar: 50 V/cm - 5 kV/cm
A10: Drift table: field points (log) | B10: 12
A11: Avalanche table: E/p range (kV/cm/bar) | B11: 5 - 200 | C11: GEM holes: ~100 kV/cm at 1 bar, ~300-600 kV/cm at 10 bar
A12: Avalanche table: field points (log) | B12: 15
A13: Magboltz collisions (x 1e7) | B13: 5
A14: CPU s per drift point | B14: 60 | C14: Measured 2026-10-28: Ar:CH4 90:10 and Ar:CO2 95:5 at 10 bar, 1 core
A15: CPU s per avalanche point | B15: 120 | C15: Measured 2026-10-28: Ar:CH4 90:10 at 10 bar, 100 kV/cm - 1 MV/cm
A16: Penning r grid (post-hoc, from one table) | B16: 0, 0.1, 0.2, 0.3, 0.4, 0.5, 0.6, 0.8, auto | C16: Free: rescales alpha from stored excitation rates
A17: Penning matching (r_micro): CPU min per run | B17: 15 | C17: simgem_penning: 4-25 min depending on gas
A18: Penning matching: pressures per priority-A mixture | B18: 2 | C18: 1 and 10 bar
A19: Cores | B19: 4 | C19: CPU cap: at most 6 heavy processes
A21: Budget
A22: CPU h per mixture and pressure | B22: =('Run grid'!$B$10*'Run grid'!$B$14+'Run grid'!$B$12*'Run grid'!$B$15)/3600
A23: Priority A mixtures | B23: =COUNTIF(Mixtures!$C:$C,"A")
A24: Priority B mixtures | B24: =COUNTIF(Mixtures!$C:$C,"B")
A25: Priority C mixtures | B25: =COUNTIF(Mixtures!$C:$C,"C")
A26: Tables (mixture x pressure) | B26: =B23*'Run grid'!$B$4+B24*'Run grid'!$B$6+B25*'Run grid'!$B$8
A27: Tables, impurity runs (3 pressures, drift only) | B27: =3*COUNTIF(Impurities!$A$2:$A$500,"I*")
A28: CPU h, mixture tables | B28: =B26*B22
A29: CPU h, impurity tables | B29: =B27*'Run grid'!$B$10*'Run grid'!$B$14/3600
A30: CPU h, Penning matching | B30: =B23*'Run grid'!$B$18*'Run grid'!$B$17/60
A31: CPU h, total | B31: =B28+B29+B30
A32: Wall time, total (days) | B32: =B31/'Run grid'!$B$19/24
A33: Wall time, priority A only (h) | B33: =(B23*'Run grid'!$B$4*B22+B30)/'Run grid'!$B$19

Sheet Impurities
A1: Run | B1: Base ID | C1: Base mixture | D1: Impurity | E1: Level (ppm) | F1: Pressures (bar) | G1: Fields | H1: Purpose
A2: I01 | B2: B03 | C2: =INDEX(Mixtures!$D$2:$D$76,MATCH(B2,Mixtures!$A$2:$A$76,0)) | D2: O2 | E2: 1 | F2: 1, 4, 10 | G2: drift table only | H2: Attachment rate and electron lifetime vs pressure (O2 three-body: ~p^2); check Magboltz third-body treatment against literature rate constants
A3: I02 | B3: B03 | C3: =INDEX(Mixtures!$D$2:$D$76,MATCH(B3,Mixtures!$A$2:$A$76,0)) | D3: O2 | E3: 10 | F3: 1, 4, 10 | G3: drift table only | H3: Attachment rate and electron lifetime vs pressure (O2 three-body: ~p^2); check Magboltz third-body treatment against literature rate constants
A4: I03 | B4: B03 | C4: =INDEX(Mixtures!$D$2:$D$76,MATCH(B4,Mixtures!$A$2:$A$76,0)) | D4: O2 | E4: 100 | F4: 1, 4, 10 | G4: drift table only | H4: Attachment rate and electron lifetime vs pressure (O2 three-body: ~p^2); check Magboltz third-body treatment against literature rate constants
A5: I04 | B5: B03 | C5: =INDEX(Mixtures!$D$2:$D$76,MATCH(B5,Mixtures!$A$2:$A$76,0)) | D5: H2O | E5: 10 | F5: 1, 4, 10 | G5: drift table only | H5: Attachment rate and electron lifetime vs pressure (O2 three-body: ~p^2); check Magboltz third-body treatment against literature rate constants
A6: I05 | B6: B03 | C6: =INDEX(Mixtures!$D$2:$D$76,MATCH(B6,Mixtures!$A$2:$A$76,0)) | D6: H2O | E6: 100 | F6: 1, 4, 10 | G6: drift table only | H6: Attachment rate and electron lifetime vs pressure (O2 three-body: ~p^2); check Magboltz third-body treatment against literature rate constants
A7: I06 | B7: B05 | C7: =INDEX(Mixtures!$D$2:$D$76,MATCH(B7,Mixtures!$A$2:$A$76,0)) | D7: O2 | E7: 1 | F7: 1, 4, 10 | G7: drift table only | H7: Attachment rate and electron lifetime vs pressure (O2 three-body: ~p^2); check Magboltz third-body treatment against literature rate constants
A8: I07 | B8: B05 | C8: =INDEX(Mixtures!$D$2:$D$76,MATCH(B8,Mixtures!$A$2:$A$76,0)) | D8: O2 | E8: 10 | F8: 1, 4, 10 | G8: drift table only | H8: Attachment rate and electron lifetime vs pressure (O2 three-body: ~p^2); check Magboltz third-body treatment against literature rate constants
A9: I08 | B9: B05 | C9: =INDEX(Mixtures!$D$2:$D$76,MATCH(B9,Mixtures!$A$2:$A$76,0)) | D9: O2 | E9: 100 | F9: 1, 4, 10 | G9: drift table only | H9: Attachment rate and electron lifetime vs pressure (O2 three-body: ~p^2); check Magboltz third-body treatment against literature rate constants
A10: I09 | B10: B05 | C10: =INDEX(Mixtures!$D$2:$D$76,MATCH(B10,Mixtures!$A$2:$A$76,0)) | D10: H2O | E10: 10 | F10: 1, 4, 10 | G10: drift table only | H10: Attachment rate and electron lifetime vs pressure (O2 three-body: ~p^2); check Magboltz third-body treatment against literature rate constants
A11: I10 | B11: B05 | C11: =INDEX(Mixtures!$D$2:$D$76,MATCH(B11,Mixtures!$A$2:$A$76,0)) | D11: H2O | E11: 100 | F11: 1, 4, 10 | G11: drift table only | H11: Attachment rate and electron lifetime vs pressure (O2 three-body: ~p^2); check Magboltz third-body treatment against literature rate constants
A12: I11 | B12: B08 | C12: =INDEX(Mixtures!$D$2:$D$76,MATCH(B12,Mixtures!$A$2:$A$76,0)) | D12: O2 | E12: 1 | F12: 1, 4, 10 | G12: drift table only | H12: Attachment rate and electron lifetime vs pressure (O2 three-body: ~p^2); check Magboltz third-body treatment against literature rate constants
A13: I12 | B13: B08 | C13: =INDEX(Mixtures!$D$2:$D$76,MATCH(B13,Mixtures!$A$2:$A$76,0)) | D13: O2 | E13: 10 | F13: 1, 4, 10 | G13: drift table only | H13: Attachment rate and electron lifetime vs pressure (O2 three-body: ~p^2); check Magboltz third-body treatment against literature rate constants
... A36: I35 | B36: F01 | C36: =INDEX(Mixtures!$D$2:$D$76,MATCH(B36,Mixtures!$A$2:$A$76,0)) | D36: H2O | E36: 100 | F36: 1, 4, 10 | G36: drift table only | H36: Attachment rate and electron lifetime vs pressure (O2 three-body: ~p^2); check Magboltz third-body treatment against literature rate constants

Sheet Outputs
A1: Quantity | B1: From | C1: Evaluated at | D1: Figure of merit / use
A2: Drift velocity v_d(E) | B2: drift table | C2: E/p 5-500 V/cm/bar | D2: v_d at the nominal field; flatness dv/dE (stability against field/pressure drifts)
A3: Longitudinal diffusion D_L (um/sqrt(cm)) | B3: drift table | C3: same | D3: sigma_z over the maximum drift length
A4: Transverse diffusion D_T (um/sqrt(cm)) | B4: drift table | C4: same | D4: sigma_xy over the maximum drift length vs pad pitch
A5: Attachment eta(E) | B5: drift table | C5: same | D5: fraction lost over max drift; lifetime with impurities
A6: Characteristic energy eps_k = e D_T / mu | B6: drift table | C6: same | D6: electron temperature; cooling by the quencher
A7: Townsend alpha(E), no Penning | B7: avalanche table | C7: E/p 5-200 kV/cm/bar | D7: baseline gain potential
A8: Townsend alpha(E; r), r grid + auto | B8: avalanche table + stored rates | C8: same | D8: gain potential vs Penning efficiency
A9: Penning-eligible excitations / ionisation | B9: avalanche table (level rates) | C9: same | D9: upper bound of the Penning boost
A10: Radiative Ar excitations / ionisation | B10: avalanche table (level rates) | C10: same | D10: photon-feedback proxy: VUV photons per avalanche electron x (1 - r)
A11: Attachment in the holes eta(E) | B11: avalanche table | C11: same | D11: gain loss (CF4, O2)
A12: E/p needed for alpha/p = target | B12: derived | C12: alpha d = ln(per-foil absolute gain, Criteria) over d = 50 um | D12: ranking of gain reach per mixture and pressure
... A16: r_micro (Penning matching) | B16: simgem_penning | C16: 1 and 10 bar, priority A | D16: input for the single-GEM simulations

Sheet Validation
A1: Data | B1: Mixture / conditions | C1: Compare | D1: Status
A2: Sahin et al., NIM A 768 (2014) 104 | B2: Ar:CO2, wire counters, ~1 atm | C2: gain with table + Penning | D2: done 2026-10-23: within a few %
A3: Z. Ye et al. (in Sahin 2010, Fig. 11) | B3: Ar:CH4 90:10, 1-21 atm; 98:2, 1-28 atm | C3: counter gain at 7, 14 atm (90:10) and 98:2 | D3: 3.5 and 7 atm done: sim/data 0.3-0.7; extend
A4: P10 drift velocity / diffusion (literature) | B4: Ar:CH4 90:10, 1 to several bar | C4: v_d, D_L, D_T | D4: to do
A5: T2K TPC gas measurements | B5: Ar:CF4:iC4H10 95:3:2, 1 bar | C5: v_d, D_T | D5: to do
A6: Three-body O2 attachment rate constants (e.g. Blum, Riegler, Rolandi) | B6: Ar + O2 with CH4 / CO2 / iC4H10 third bodies | C6: attachment vs Magboltz | D6: to do: Magboltz O2 has 3-body attachment; third-body species dependence unclear
A7: GORG | B7: Ar:CH4 92:8 (14.5, 22 psi), Ar:CO2 90:10 (15 psi) | C7: triple-GEM gain (check of the GEM simulations) | D7: done with corrections
A8: Orthen et al., physics/0302076 | B8: Ar-based triple GEM at several pressures | C8: gain vs pressure, max gain (discharge limit) | D8: to do (literature)
